condition,channel,window,t_start_s,t_stop_s,p2p_uv,rms_uv,total_1_45,theta_4_8,rel_theta_4_8,alpha_8_13,rel_alpha_8_13,beta_13_30,rel_beta_13_30,gamma_baja_30_45,rel_gamma_baja_30_45,bad_by_p2p,bad_by_high_freq,bad_window,use_for_clean_analysis
basal,Fp1,0,0.0,4.0,271.83975641155087,45.29573949064643,1697.833782569878,208.34583231125845,0.1227127381079093,447.4470233146212,0.2635399459641778,448.93760754006155,0.26441787891659213,238.57059182343323,0.14051469247026505,False,False,False,True
basal,Fp1,1,2.0,6.0,291.365146557888,44.00860552821069,1403.0580710200647,152.31348947006967,0.10855822194111556,282.9572248197631,0.20167178441448602,472.11023062706874,0.3364865933765882,274.8834778884291,0.19591739185006127,False,False,False,True
basal,Fp1,2,4.0,8.0,291.365146557888,44.84733019622212,1784.1404009334788,196.31737780201667,0.11003471346722578,245.30945539039448,0.13749447928091663,558.7082105249599,0.3131526029188278,253.8248167297323,0.1422672882677444,False,False,False,True
basal,Fp1,3,6.0,10.0,237.00394340056175,43.679739329408946,1740.2444835565473,272.08328901496407,0.15634773825509043,301.0885760491025,0.1730151015527233,475.8830453437973,0.2734575801505961,292.61724630177,0.16814720521552612,False,False,False,True
basal,Fp1,4,8.0,12.0,288.85039294771957,44.25925619044204,1991.372134495843,295.09308789544946,0.1481858075563352,326.57540773769284,0.16399516799524372,532.5470528203825,0.2674271893209994,307.26499117051264,0.15429812733033102,False,False,False,True
basal,Fp1,5,10.0,14.0,288.85039294771957,41.77606588187959,1732.471392973291,289.4482419605754,0.16707245102836613,336.6475595088991,0.19431637421218254,497.6362365938104,0.28724066591354236,311.07388762796097,0.17955499230154198,False,False,False,True
basal,Fp1,6,12.0,16.0,404.15720085328087,57.78282791954757,1962.2774506715746,307.3002970421975,0.15660389764812632,229.3079612075815,0.11685807281182516,436.1717478715395,0.22227832650386062,300.86277008676717,0.15332325710811137,False,False,False,True
basal,Fp1,7,14.0,18.0,404.15720085328087,59.31688542202407,3027.326522566095,294.40202388054627,0.09724818967694247,330.80594237543795,0.10927329440995757,385.0039435285878,0.12717621989524988,263.2480299644823,0.08695726344753249,False,False,False,True
basal,Fp1,8,16.0,20.0,349.8987775845081,47.34700507375857,1863.6867675582776,388.3002375203383,0.20835058995942363,306.2528355635978,0.16432634544314392,418.4860245911782,0.22454740349928043,240.85316595529346,0.12923478888614365,False,False,False,True
basal,Fp1,9,18.0,22.0,306.29691761671063,51.21354196539751,2446.484179169793,408.0969856738203,0.16680957479655836,219.25900139508835,0.08962208023331392,488.34936158977473,0.1996127200607913,231.56847962969013,0.09465357740767086,False,False,False,True
basal,Fp1,10,20.0,24.0,268.29346417409926,44.05639840084991,2007.9765303007048,280.56617934864994,0.13972582603175832,185.26422349977716,0.09226413790405852,577.9132939359334,0.2878087892040192,246.96621789025687,0.12299258191691734,False,False,False,True
basal,Fp1,11,22.0,26.0,287.22363388474054,42.91839048499125,1382.675417386312,191.85401153558462,0.1387556393374293,251.35047659652963,0.18178559728187002,467.46262622305755,0.33808558418338547,197.80433185915743,0.1430591224606201,False,False,False,True
basal,Fp1,12,24.0,28.0,295.13309984342425,44.51137966868986,1744.7374412828638,272.1413958441724,0.15597842368996984,331.4693957474472,0.18998239385733917,344.16957661805776,0.19726152971475072,198.71417909710374,0.11389345720178616,False,False,False,True
basal,Fp1,13,26.0,30.0,274.58306970475263,40.19109965985258,1335.4325607093726,172.43318333721064,0.1291215958113342,266.3624350756729,0.199457795857683,354.73365320417804,0.26563202339154135,182.15499916199087,0.13640149605550383,False,False,False,True
basal,Fp1,14,28.0,32.0,904.6031070254026,123.55412629337117,10652.172940447033,321.7299741473527,0.03020322482051731,213.0851883403682,0.02000391746657333,359.3439577308909,0.03373433380586952,117.41765355710808,0.011022882768948031,False,False,False,True
basal,Fp1,15,30.0,34.0,904.6031070254026,125.2368452935778,6332.378250182853,326.2737398790742,0.05152467635199347,176.53748861781725,0.027878544465141448,405.8073528555801,0.06408450929851862,154.22987439102934,0.0243557583419114,False,False,False,True
basal,Fp1,16,32.0,36.0,500.001530722162,74.70332523640008,5904.312532637669,446.61797672343016,0.07564267207310413,277.13356835275397,0.046937482868805454,397.4091537182096,0.06730828551527787,190.481442706948,0.032261409207932475,False,False,False,True
basal,Fp1,17,34.0,38.0,500.001530722162,74.24067255377584,2288.0181721384956,329.57975828458825,0.14404595308635448,336.8717527024779,0.1472329882710769,403.74176171325126,0.17645915868574336,211.62125855095414,0.09249107420906644,False,False,False,True
basal,Fp1,18,36.0,40.0,632.1800836377143,95.60770120843254,2310.89738340674,199.74765658201483,0.08643726805711534,164.03038276837958,0.07098124907933598,343.90940965987755,0.14882071879491424,148.18958486247664,0.06412642375492009,False,False,False,True
basal,Fp1,19,38.0,42.0,913.8789187008942,127.27255633778238,12003.432229008546,514.0217555767415,0.04282289813196192,244.19997349136622,0.02034417896751324,342.482595770242,0.02853205560177768,124.79991452970329,0.010397019131586454,False,False,False,True
basal,Fp1,20,40.0,44.0,662.0812877906651,95.62982393794513,2729.584003954821,198.52922643430736,0.07273241129295295,275.3562106242411,0.10087845262328797,423.40370396805315,0.15511656844214902,191.1224797396597,0.0700189037826817,False,False,False,True
basal,Fp1,21,42.0,46.0,369.08133262153206,53.14961538957694,1441.1902935717517,144.41433896455163,0.10020490674180478,230.817863875504,0.16015779797091204,405.94156685705013,0.2816710386322344,195.97617770313445,0.13598216597576432,False,False,False,True
basal,Fp1,22,44.0,48.0,414.0552430593207,58.297288238121986,3985.63602168013,157.14345210137395,0.039427446773007316,240.95667346756454,0.06045626649218966,301.03103216119047,0.07552898220602994,148.07362789197674,0.03715181895349211,False,False,False,True
basal,Fp1,23,46.0,50.0,384.061515043877,53.16652413636887,2117.6650197188583,253.12076548685837,0.11952823658600299,189.3160678813419,0.08939849604092509,330.0147830742416,0.15583899247580454,154.8269267396984,0.07311209530214238,False,False,False,True
basal,Fp1,24,48.0,52.0,337.60993980734753,47.47181904572658,2174.7889734156447,235.09550662372686,0.1081003764031847,245.68652134170483,0.11297028095366811,340.0212477479527,0.15634677750546422,210.01650946995642,0.0965686841515074,False,False,False,True
basal,Fp1,25,50.0,54.0,221.279602689151,38.81229092346276,1341.0626345333562,268.0858163872664,0.19990551483864963,495.82314617593323,0.36972407806176977,202.44608349159384,0.15095945430023716,210.4214923193848,0.1569065358327609,False,False,False,True
basal,Fp1,26,52.0,56.0,268.2504196071985,39.263118485201396,1437.6610754024116,217.74297462245778,0.1514564025888438,279.7117664711707,0.1945602974559754,235.9860097364096,0.16414578774789146,201.5636509993823,0.14020248196742977,False,False,False,True
basal,Fp1,27,54.0,58.0,268.2504196071985,40.11402864921156,1500.7009872849867,198.16261088552503,0.13204669855254347,188.60787170827524,0.12567984782198197,287.71514418909425,0.19172050037070873,209.9819475049598,0.13992257570567168,False,False,False,True
basal,Fp1,28,56.0,60.0,201.4191991738899,34.87625538665402,1193.5400613340994,217.59439860398368,0.18231009218137503,215.16578962410648,0.180275297490728,294.05037996857834,0.2463682531442628,188.4306166061682,0.1578754016815713,False,False,False,True
basal,Fp2,0,0.0,4.0,406.1577433192672,51.38735454346018,2038.9954114043915,178.0754446465105,0.08733489229573996,335.74215591222753,0.16466057453311267,554.083971060423,0.27174360862283087,276.370275123968,0.13554237227714674,False,False,False,True
basal,Fp2,1,2.0,6.0,557.7587672964632,68.30710760602103,5253.565840336549,473.0850583025841,0.09005027683678517,387.9077360599118,0.07383703713801026,414.2649495307028,0.07885405115702605,207.43392195391053,0.039484405117995454,False,False,False,True
basal,Fp2,2,4.0,8.0,557.7587672964632,67.33531907667778,1759.1558637617231,182.10594979090183,0.10351893970412164,317.99655775207145,0.18076656213513548,352.06388522915375,0.2001322864457908,217.6797828875193,0.12374104385613664,False,False,False,True
basal,Fp2,3,6.0,10.0,271.8145052542087,43.49145523862429,1776.721399160067,338.522151383292,0.19053192669561253,251.0139349590514,0.14127928840037415,402.0288848960024,0.22627570371250036,212.77066280913985,0.11975465760120058,False,False,False,True
basal,Fp2,4,8.0,12.0,259.56891658798634,44.09014268482595,1773.4003580696303,262.6986370513131,0.14813273035382943,238.7980668452082,0.13465547458507512,545.7190123890105,0.3077246544502973,173.07530511429596,0.09759516756988293,False,False,False,True
basal,Fp2,5,10.0,14.0,256.2564903322789,45.897279646348586,1575.0768162725667,215.1535689485811,0.13659877837434237,252.32045521006572,0.16019565052527682,494.2564492427631,0.3137983139212381,178.60760772631747,0.11339612511661111,False,False,False,True
basal,Fp2,6,12.0,16.0,333.72505314448017,57.91717779675451,2801.735079112149,330.10138388397763,0.11782034152514682,291.72022076282013,0.10412127218511477,445.5215939954371,0.1590163171803595,209.58189375924505,0.07480432226506588,False,False,False,True
basal,Fp2,7,14.0,18.0,333.72505314448017,56.83507771530067,2350.5921807067216,303.84813222807963,0.12926450395011763,308.25796215900976,0.1311405545756261,384.03082640664326,0.16337620347702414,240.00643778837818,0.10210466952043488,False,False,False,True
basal,Fp2,8,16.0,20.0,274.3826127801026,45.164424680024965,2061.1852490793854,414.04230012844914,0.20087583118178162,243.36114502008596,0.11806854581788881,399.6023027498368,0.19387015452799136,263.45195542933953,0.12781575821339133,False,False,False,True
basal,Fp2,9,18.0,22.0,265.69708630353364,44.01068719912928,1736.8881593595502,255.80268509880227,0.14727642866373472,224.7271402809681,0.1293849227251527,357.6283641834915,0.20590178029387987,147.4381380666435,0.0848863741007993,False,False,False,True
basal,Fp2,10,20.0,24.0,305.03590706665176,44.72944950018405,1665.8562911635643,299.2741664113372,0.17965185112234425,183.35648037976625,0.1100674057854629,348.120777118897,0.20897407475391666,252.7185520774398,0.151704894004345,False,False,False,True
basal,Fp2,11,22.0,26.0,292.81636633682007,43.8832385203888,1598.6028216269879,291.683391585039,0.1824614517370715,277.4617496277903,0.1735651569446136,344.79792907535716,0.21568705147438497,187.2810685244482,0.11715297007535726,False,False,False,True
basal,Fp2,12,24.0,28.0,254.77517403491981,41.24462164075028,1531.6011562008575,286.06400156332745,0.18677447480707726,208.12635379867572,0.13588808872078284,371.41175764497007,0.24249900578963934,185.5517189678937,0.12114885015375376,False,False,False,True
basal,Fp2,13,26.0,30.0,277.0162704809185,41.550932247060516,1397.3363869111363,291.6671508517362,0.20873080639979413,163.75001103683482,0.11718725181043219,511.7606865852108,0.36624014902845026,179.0629324587726,0.12814590254433852,False,False,False,True
basal,Fp2,14,28.0,32.0,654.2617771647226,92.25463582428617,6767.576531254861,295.1805820157949,0.0436168812650371,145.65175278024043,0.021521995666775758,425.11735499783146,0.06281677835994935,157.60016201683928,0.023287533031801068,False,False,False,True
basal,Fp2,15,30.0,34.0,658.3941220748771,108.7125951175589,7651.849669694902,526.3819798623844,0.06879146906755323,216.94137409994656,0.028351494535908274,410.91304853538895,0.05370113976007752,124.56329679976584,0.016278847883420648,False,False,False,True
basal,Fp2,16,32.0,36.0,642.9040793618015,88.45378810484135,5976.2496326283,509.41678129837646,0.08524021127182059,245.63679275370527,0.04110216404157743,455.56216008495795,0.07622877023037036,129.32760016847504,0.021640260718426174,False,False,False,True
basal,Fp2,17,34.0,38.0,474.8873362631025,67.86206549727129,2309.064895003262,371.44651254836515,0.16086447520473018,188.62023192870157,0.08168684749262325,321.9986369874993,0.13944979965019322,148.2882194763838,0.06422003114649331,False,False,False,True
basal,Fp2,18,36.0,40.0,537.2266069373331,79.76316254484564,2446.2792213581197,339.57625277196007,0.13881336595069263,287.3193227051328,0.11745156488948122,262.5704986854462,0.10733463964087996,134.2105595708953,0.05486314006967062,False,False,False,True
basal,Fp2,19,38.0,42.0,718.932980364267,107.9758082978306,8472.381925488038,364.64228506779597,0.04303893382931876,199.1781274387466,0.023509106316317682,265.19290632806707,0.03130086776780794,159.21444818339572,0.01879217079490009,False,False,False,True
basal,Fp2,20,40.0,44.0,503.824009968114,82.69521949060737,2020.3451849664748,199.22532253176666,0.09860954653403575,205.75405204594358,0.10184103863882935,296.2033684670234,0.14661027762537446,106.13054504291344,0.05253089711235387,False,False,False,True
basal,Fp2,21,42.0,46.0,253.1898486058633,40.02984453274252,1290.673455492973,163.78860491973992,0.12690166069711323,153.14689590933318,0.11865657828287689,340.65827966791056,0.26393839450102896,102.9840866454886,0.0797909697508684,False,False,False,True
basal,Fp2,22,44.0,48.0,343.678720153717,55.40090104041385,2819.218987922026,202.19216450115715,0.07171921208227525,218.4074847017496,0.07747091859037604,302.03940376584063,0.10713584331682802,92.32477999425686,0.03274835349428002,False,False,False,True
basal,Fp2,23,46.0,50.0,335.03798038446587,54.726808042864185,2661.438825039846,348.52280673327016,0.13095277766831714,307.219893916569,0.11543376125204359,263.45411468191446,0.09898935575871075,154.4013066741458,0.05801422344240212,False,False,False,True
basal,Fp2,24,48.0,52.0,265.0345228995684,43.088193106990765,1583.6495624596896,345.9033520705458,0.21842165102063132,187.40586132337194,0.11833796173460073,269.8380510401623,0.17039000132141344,118.60544499245077,0.07489374404791639,False,False,False,True
basal,Fp2,25,50.0,54.0,260.35496649409794,40.521209123563075,1396.2601041967655,236.00482486056148,0.16902640428613358,196.00398930667632,0.14037784845212106,354.5740779762473,0.253945577124561,130.3595470513397,0.0933633688017838,False,False,False,True
basal,Fp2,26,52.0,56.0,339.9911074768951,49.915375639808865,2323.183940566794,263.55247634449694,0.11344451540939857,281.12621615911775,0.12100902182137613,338.1680720376548,0.14556233199302804,186.18207210041473,0.08014090871125398,False,False,False,True
basal,Fp2,27,54.0,58.0,355.59961178643573,51.04501224560673,1721.033123650536,180.14639083781395,0.10467340132053933,189.44983798875873,0.11007913525040755,345.8117516882512,0.2009326531465817,151.11024297066672,0.0878020538327247,False,False,False,True
basal,Fp2,28,56.0,60.0,277.907693439254,39.431015949746964,1212.7962743381318,202.31438901841727,0.16681646645791998,171.71940111685262,0.14158965091689973,296.44752896892066,0.24443308018133808,156.30292108277243,0.12887813426708683,False,False,False,True
punto_fijo,Fp1,0,0.0,4.0,326.8854532417662,52.28820021336037,2591.6841863816926,173.83416607654584,0.06707382287933761,471.81892132526195,0.18205108624132893,1021.4812845856354,0.3941380242056992,498.1032653487496,0.19219288675915505,False,False,False,True
punto_fijo,Fp1,1,2.0,6.0,329.07582937029747,48.77292206188812,2134.032991890906,261.8003344663226,0.12267867247654347,257.50971035796573,0.12066810182245294,805.6148921831381,0.3775081712627627,357.4870480342736,0.1675171140243312,False,False,False,True
punto_fijo,Fp1,2,4.0,8.0,317.1612494595501,45.235968994155265,1762.105933172049,222.31856031128865,0.12616639903770294,239.61697278625883,0.13598329605241902,739.0926254593878,0.41943711302810993,245.34856929509002,0.1392359929538553,False,False,False,True
punto_fijo,Fp1,3,6.0,10.0,296.87481897876177,46.80174162937531,2021.5965425567108,204.76900361472434,0.10129073695177239,301.6413080004485,0.14920944988309243,688.9652031923429,0.340802523495123,305.3870590580966,0.15106231764319994,False,False,False,True
punto_fijo,Fp1,4,8.0,12.0,351.8028845459638,53.278825192416,2542.8192499466104,224.5990910278209,0.08832680145572148,432.74531339378177,0.17018327724350357,923.0402397399375,0.3629987620076881,408.2455736283682,0.16054840454622948,False,False,False,True
punto_fijo,Fp1,5,10.0,14.0,424.402945742462,63.366841514462116,3973.218884254681,380.6421428501425,0.09580195653417807,422.10032455980536,0.10623636322492344,1236.0279652533748,0.3110898244623731,464.82612038252205,0.11698980950296091,False,False,False,True
punto_fijo,Fp1,6,12.0,16.0,424.402945742462,65.49390271302178,4028.1000479106833,404.02554079041636,0.10030176410339622,403.0308214497449,0.10005481906011524,1199.8762803336726,0.2978764842139487,518.8274126688227,0.1288020174518582,False,False,False,True
punto_fijo,Fp1,7,14.0,18.0,347.16519008898877,55.004389828286335,2601.8704045338663,341.3234351841905,0.1311838724132533,232.60415548946415,0.08939882443189401,950.5884572142991,0.3653481186295288,420.9586101849254,0.16179076769211398,False,False,False,True
punto_fijo,Fp1,8,16.0,20.0,292.00288675621914,49.55555687689972,2331.17368680476,340.2420802419756,0.14595312317047077,234.84735810634942,0.1007421109099102,959.7611882417286,0.41170728447833166,374.97630493423566,0.1608530102483267,False,False,False,True
punto_fijo,Fp1,9,18.0,22.0,358.2745832589445,58.64614219691903,3078.4819696836266,573.6683393573073,0.1863477990148056,319.66794518231814,0.10383947293840093,876.8703985914025,0.28483856888774234,425.65030580675307,0.13826629812956054,False,False,False,True
punto_fijo,Fp1,10,20.0,24.0,358.2745832589445,57.89111815981894,2800.245661530344,357.8892440848754,0.1278063739198109,361.9018258525341,0.1292393131161048,744.0273951989382,0.2657007581228872,436.25226773610484,0.15579071283970544,False,False,False,True
punto_fijo,Fp1,11,22.0,26.0,356.0106440770548,56.3714551375109,3153.511637052582,385.7613170422282,0.12232753876969314,280.0716756354517,0.08881263425341904,922.3446353654159,0.2924817605009639,461.78431332842365,0.1464349482344161,False,False,False,True
punto_fijo,Fp1,12,24.0,28.0,356.0106440770548,54.05587880253381,2350.024731627802,211.56267741649458,0.09002572380161741,141.80919467659473,0.06034370309727215,809.413783155414,0.3444277722961468,453.9694432007145,0.193176453460667,False,False,False,True
punto_fijo,Fp1,13,26.0,30.0,317.6282441478511,50.708735744583436,2350.3987216562937,143.41142923295422,0.0610157876242777,107.7776836664151,0.04585506394015806,1089.86775191453,0.4636948369111242,570.5711462612165,0.24275504449693663,False,False,False,True
punto_fijo,Fp1,14,28.0,32.0,333.43653849267025,53.852472340033046,2493.9553635872294,110.22811718100571,0.044198111478008555,118.17995052168293,0.04738655400459794,1197.634893530507,0.4802150475571726,582.1159290065941,0.23341072478911423,False,False,False,True
punto_fijo,Fp1,15,30.0,34.0,350.2041186961263,55.1102271011415,3077.3747659983196,237.65030671124816,0.07722501313035655,280.4003796967204,0.09111674755861487,1128.3099898221674,0.36664692330904214,614.6950749893697,0.19974657678391627,False,False,False,True
punto_fijo,Fp1,16,32.0,36.0,339.65973013925253,59.340209668447365,3129.386025836471,334.0701334626371,0.10675261239889432,296.9388021479322,0.09488723976408817,1119.9840281978468,0.35789257667515784,496.1030466596797,0.15853047293105155,False,False,False,True
punto_fijo,Fp1,17,34.0,38.0,365.85063778605615,56.2793092080968,3179.958115797638,358.39174607662596,0.11270329137235492,207.72391260764545,0.06532284547261763,1144.2231854214986,0.3598233510489146,642.0699400702053,0.2019114455880665,False,False,False,True
punto_fijo,Fp1,18,36.0,40.0,375.03777408126217,55.60990093396018,3211.792400911371,230.62139301858554,0.07180457645803787,273.99869070981254,0.08531021202742223,1138.0425276687436,0.3543325301304702,791.5231219838957,0.24644280301531785,False,False,False,True
punto_fijo,Fp1,19,38.0,42.0,375.03777408126217,56.05062331776883,2945.544728820705,160.4366814278033,0.054467576016758244,263.29004294527914,0.08938585802792796,1071.0988223407949,0.36363352824373035,921.8251889675205,0.31295575991357893,False,False,False,True
punto_fijo,Fp1,20,40.0,44.0,327.1220580074628,55.402929365968056,2768.466385086732,205.8446638603636,0.07435331885162651,187.06149732119653,0.06756863595269413,1144.1248011841142,0.41327025220436997,715.5348245513372,0.25845891732903253,False,False,False,True
punto_fijo,Fp1,21,42.0,46.0,337.43044171069636,56.97508230710014,2961.9976439634515,165.3254513173448,0.055815524247386866,186.3526730479659,0.06291452440137908,1275.4318546836507,0.4305985378762808,728.9585398205351,0.24610368657995116,False,False,False,True
punto_fijo,Fp1,22,44.0,48.0,587.1683331050442,81.43977825281725,3356.0916519018856,332.73480212963295,0.09914353856846349,265.5239831981331,0.07911702382968641,1280.972176968031,0.3816856956937122,859.1736538241425,0.2560042284117157,False,False,False,True
punto_fijo,Fp1,23,46.0,50.0,641.7873032235775,86.66414203861375,8908.160573727122,462.1125614455012,0.05187519439292685,305.8162963374981,0.034329903890534204,1261.947642914111,0.14166197751710705,1002.2135358016527,0.11250510444967568,False,False,False,True
punto_fijo,Fp1,24,48.0,52.0,411.05494359473505,63.26836399228501,2848.2891794558773,125.43215724944542,0.044037718555461895,188.02176060943208,0.06601217389217158,1250.0927568510215,0.4388924993528336,822.9799066739765,0.2889383257184562,False,False,False,True
punto_fijo,Fp1,25,50.0,54.0,429.1787012590968,60.05778648708405,3426.5164277889266,401.7787111721531,0.11725573760970238,378.74057916374204,0.11053225255019045,1072.2503724163728,0.3129272527983407,1021.2252255837784,0.2980359928531724,False,False,False,True
punto_fijo,Fp1,26,52.0,56.0,429.1787012590968,67.11410084655435,4000.3181872995833,483.89338624658217,0.12096372428145138,287.11421397029085,0.0717728441907036,1213.9442531161624,0.3034619238465218,1082.9165838961733,0.2707076120430302,False,False,False,True
punto_fijo,Fp1,27,54.0,58.0,425.4792202908394,62.53275402735534,3294.0330982125984,152.3976004222165,0.04626474473037632,260.8369303431496,0.07918467197086891,1220.0510921269545,0.37038215942304165,1101.4921572885046,0.3343901304107096,False,False,False,True
punto_fijo,Fp1,28,56.0,60.0,516.7335172769574,66.08243361080035,4104.778645474529,151.85043388158874,0.03699357431831363,259.3945411999067,0.0631933079962512,1488.6723089192442,0.36266810892725926,1294.4313376532953,0.3153474156469779,False,True,True,False
punto_fijo,Fp1,29,58.0,62.0,516.7335172769574,74.44331215092464,5053.51905960092,331.94189788713146,0.0656852965175806,298.29859358249087,0.059027895227934044,2194.991148286401,0.434349039233611,1389.640591955109,0.2749847335224753,False,True,True,False
punto_fijo,Fp2,0,0.0,4.0,385.77515125926107,58.38009716641069,3259.946352442144,289.23741741122774,0.08872459425430407,791.5251903898014,0.2428031337990704,1068.8676348470512,0.3278789032973882,537.2765040737074,0.16481145576865525,False,False,False,True
punto_fijo,Fp2,1,2.0,6.0,340.32728233393277,57.45813827292207,3123.586437214946,283.728940422661,0.09083434895294257,450.4026468378291,0.14419407174767265,1276.116819435873,0.40854218222745425,580.2417023905664,0.18576137208097301,False,False,False,True
punto_fijo,Fp2,2,4.0,8.0,377.2314821405077,57.458710885091875,2852.7145252368036,197.2312216459076,0.06913808581303292,380.4405941090239,0.1333609061626815,1028.5798271243152,0.3605617800256171,538.069585910764,0.188616695133944,False,False,False,True
punto_fijo,Fp2,3,6.0,10.0,377.2314821405077,58.05563537243026,3066.6956747597505,418.0736746205846,0.136327082619092,416.0870546359173,0.13567927788221573,942.3848196538617,0.30729649094629824,456.20029696078456,0.14875955925966602,False,False,False,True
punto_fijo,Fp2,4,8.0,12.0,396.0020876909455,56.80577057043304,2616.7293726861835,333.4729220415582,0.12743882708024717,304.521716332862,0.11637493716832382,969.934515369599,0.3706667282807011,502.1671115196212,0.19190639917192712,False,False,False,True
punto_fijo,Fp2,5,10.0,14.0,394.2666578334173,55.63565060785411,2703.3147065167964,296.339078300333,0.10962063631953675,260.41130544625025,0.0963303698302254,1142.0874554961256,0.42247669231515333,529.9968029475161,0.19605442225053168,False,False,False,True
punto_fijo,Fp2,6,12.0,16.0,392.14432726408097,55.57302412915715,2838.0224468421347,154.15304659155424,0.05431706389887092,356.4749735068616,0.1256068196019771,1305.328768326429,0.45994307401580536,520.9771650756534,0.18357048784280908,False,False,False,True
punto_fijo,Fp2,7,14.0,18.0,340.92753053412673,54.39712781452465,2628.6048834236326,179.81259389817538,0.06840609443895503,375.29427365640174,0.14277317828292202,1074.0456728691054,0.4085991316695007,500.2828904168816,0.19032259034887244,False,False,False,True
punto_fijo,Fp2,8,16.0,20.0,287.7418230338375,50.99943042212236,2167.8068404587734,196.4208547403622,0.09060809804382461,247.13968207821762,0.11400447561366464,821.458411197292,0.378935242691386,386.7716024648372,0.17841608174969345,False,False,False,True
punto_fijo,Fp2,9,18.0,22.0,322.13601176537475,52.850029007174406,2585.2463881845615,293.7182057145599,0.11361323510863415,387.6880422454698,0.1499617382766043,947.4509297373386,0.3664838036589106,419.0987876407334,0.1621117389646707,False,False,False,True
punto_fijo,Fp2,10,20.0,24.0,322.13601176537475,52.22726785029905,2747.1030592687994,280.27824069644987,0.10202683869132015,418.57403394946436,0.1523692504135163,1222.084354766084,0.44486294412680977,523.0853535428546,0.19041344363763513,False,False,False,True
punto_fijo,Fp2,11,22.0,26.0,358.05035360263037,51.28692444455094,2307.728094477261,246.58841894746928,0.10685332450456027,286.88020669985116,0.12431282844213686,1083.5748803715387,0.46954183335753275,379.07107456181654,0.16426158500604573,False,False,False,True
punto_fijo,Fp2,12,24.0,28.0,358.05035360263037,51.346199264733805,2379.766004005727,311.23109513951727,0.130782225906093,265.3182081685033,0.11148920008181812,865.645032227177,0.3637521633513905,370.1538050507977,0.15554210137792476,False,False,False,True
punto_fijo,Fp2,13,26.0,30.0,318.9582532774928,50.33715398196902,2225.7706207273313,282.29014034797837,0.1268280467534127,289.18517762878105,0.12992586699445333,875.4234210907593,0.39331250621175456,369.5726610868163,0.16604256415517263,False,False,False,True
punto_fijo,Fp2,14,28.0,32.0,351.51502968199446,51.878839676400915,2470.514646738435,225.2169148923499,0.09116194279183104,347.6265421307108,0.14071017250986395,1076.5554219348653,0.4357616026912166,529.3792953459599,0.21427895440524694,False,False,False,True
punto_fijo,Fp2,15,30.0,34.0,339.6725076188126,50.677032642180905,2151.9720343692634,170.30232380044134,0.07913779597528853,210.11795471506133,0.09763972363918115,932.6910763502285,0.43341226626283624,521.1734419750911,0.2421841146870877,False,False,False,True
punto_fijo,Fp2,16,32.0,36.0,408.8719654929464,56.8835344097694,3498.0351252477635,415.34515999405687,0.11873670364148738,222.4929084602326,0.06360510986706389,965.9779542588459,0.27614872912130245,364.0644980744671,0.10407685601747085,False,False,False,True
punto_fijo,Fp2,17,34.0,38.0,414.55957298419355,59.03042799932951,2369.7060972508384,309.52252564333844,0.1306164194802149,316.44019641885984,0.13353562991882026,913.6674620426644,0.38556151039263276,502.098818138765,0.21188231684986747,False,False,False,True
punto_fijo,Fp2,18,36.0,40.0,401.86962168652246,54.2728459557206,2738.368890725672,265.4084952494312,0.09692211160750426,346.11739114576613,0.12639545837596938,1138.5716884903504,0.4157846272452457,613.1590781120707,0.22391398039494328,False,False,False,True
punto_fijo,Fp2,19,38.0,42.0,330.0549631224351,53.02269314901395,2689.9983179590654,220.42881425690763,0.08194384836052598,220.33267607345238,0.0819081092365223,1383.2759324178894,0.5142292927035723,592.5356663291302,0.22027361964251868,False,False,False,True
punto_fijo,Fp2,20,40.0,44.0,426.0583981550825,55.30851015284243,2918.3020147113675,192.6364388754671,0.06600976797616324,156.800752574345,0.0537301320370206,1268.9416479749375,0.4348219072522695,909.726568359604,0.3117314670563937,False,False,False,True
punto_fijo,Fp2,21,42.0,46.0,426.0583981550825,55.1147112102883,2674.10206254878,186.2902471085998,0.06966459871432135,201.5517152852076,0.07537173622053214,1258.6244237161227,0.4706717972149813,629.7975163070602,0.23551738175123285,False,False,False,True
punto_fijo,Fp2,22,44.0,48.0,347.4251962262749,53.60766188664782,2845.376815775245,195.76425836441365,0.06880082008086376,220.41320869631033,0.07746362712815491,1372.875936665937,0.482493541472076,508.8240142253709,0.17882482608432226,False,False,False,True
punto_fijo,Fp2,23,46.0,50.0,425.534500158364,57.78378528216059,3116.6902662851926,244.7055777429624,0.07851456411632102,347.77179203979296,0.11158368728577732,1378.4714140787378,0.44228694425954257,462.6914145283533,0.1484560142319945,False,False,False,True
punto_fijo,Fp2,24,48.0,52.0,425.534500158364,56.14267677176392,2780.701062673522,186.82412776631642,0.06718598064140459,245.64308257596107,0.08833854378427361,1513.5575388650666,0.5443078938553171,439.934509532252,0.15820992606421141,False,False,False,True
punto_fijo,Fp2,25,50.0,54.0,479.8346406863052,61.311800761163795,3372.8989959832375,228.73123895878356,0.06781443477292917,292.7585193012564,0.08679729800681862,1565.4828027380622,0.46413568998134397,782.579687842474,0.23201990002500603,False,False,False,True
punto_fijo,Fp2,26,52.0,56.0,479.8346406863052,66.87513729991673,4188.397896812483,115.47077864510847,0.02756919984440489,383.32575633658575,0.09152085493794895,2148.818951718494,0.5130407866343885,788.3727358904712,0.1882277556510212,False,False,False,True
punto_fijo,Fp2,27,54.0,58.0,364.1409859772545,65.27396732641908,4377.057761143388,163.54135945310614,0.03736330850027105,293.9959054819095,0.06716747219829035,2204.9464584503166,0.503750825046077,1123.656663347685,0.2567150640146362,False,False,False,True
punto_fijo,Fp2,28,56.0,60.0,421.9128101083371,68.12127564097395,4244.096442974975,144.19624828015088,0.03397572374181817,306.0339087478103,0.07210814194723869,2372.369321559622,0.5589810112554059,1132.1431463646932,0.26675716765076557,False,False,False,True
punto_fijo,Fp2,29,58.0,62.0,421.9128101083371,70.06580857296801,4200.546613212557,220.21137601486413,0.0524244571699795,211.69759575611621,0.05039763041558322,2612.9432939935004,0.6220483985999943,924.5722186365731,0.22010759640861716,False,False,False,True
parpadeo,Fp1,0,0.0,4.0,1008.7783183860292,197.35413620169055,29105.21421806876,4737.580657417244,0.16277429267213964,1455.5974801280322,0.05001157075230819,2742.6512659713194,0.0942322995949179,709.6127705865302,0.02438094993116377,False,False,False,False
parpadeo,Fp1,1,2.0,6.0,1090.9573434251163,253.53800860086008,54875.45762606428,5587.478540692855,0.10182108327492037,1357.8395929785677,0.024744023133824993,1716.697231962161,0.03128351555006948,731.7456115895694,0.013334660761753924,False,False,False,False
parpadeo,Fp1,2,4.0,8.0,1090.9573434251163,245.1974221791621,39353.50897195123,4094.465904556511,0.10404322286672822,931.7179566338735,0.023675600498495444,2037.7093852055839,0.051779610978475596,949.7633350303903,0.024134146098822428,False,False,False,False
parpadeo,Fp1,3,6.0,10.0,1011.0874769106531,208.2434866421013,29767.08335614446,2969.423377362127,0.09975526798628005,979.3417328071152,0.03290015756968549,2309.0642951620707,0.07757106289304755,860.2148835512214,0.028898191779802223,False,False,False,False
parpadeo,Fp1,4,8.0,12.0,968.8725454995655,189.34352731392798,23296.563101970907,2787.3193463706166,0.11964508816902727,741.5413954137701,0.031830506163848485,1861.6900938426247,0.0799126500202566,598.5536487780303,0.025692787651041632,False,False,False,False
parpadeo,Fp1,5,10.0,14.0,953.0127492174664,193.96297988588287,25674.62807856671,3043.866453030605,0.1185554253684258,977.3314668149408,0.038066041845833835,1776.92887543617,0.06920952739796678,543.540393867492,0.021170331745574214,False,False,False,False
parpadeo,Fp1,6,12.0,16.0,1003.6788192529464,172.36087598507734,21489.559732354955,2352.764122725714,0.10948405421183954,604.5721521853749,0.02813329634087958,1535.3998487997906,0.07144864147626408,530.7405271083495,0.024697598914009383,False,False,False,False
parpadeo,Fp1,7,14.0,18.0,970.5028687074191,173.2423986725344,14759.49178289172,1284.5909658064431,0.08703490504296771,493.00207409591724,0.03340237464459138,1636.680762824531,0.11089004871574704,593.8307184493841,0.04023381883227955,False,False,False,False
parpadeo,Fp1,8,16.0,20.0,983.6556954557367,200.48324027916195,34626.58392329873,2146.4167682757743,0.06198754035426358,742.2693108657284,0.021436400209443922,2267.903317225375,0.06549601665151268,864.6232421011717,0.024969926112734565,False,False,False,False
parpadeo,Fp1,9,18.0,22.0,1033.3017226538432,196.20345831148,26752.11159918234,1933.9417473035192,0.07229118120764078,830.3336404154571,0.031038059830792414,2632.836181969293,0.09841601371197047,1093.9678391417403,0.04089276598170205,False,False,False,False
parpadeo,Fp1,10,20.0,24.0,1051.4220743167416,193.0468760024469,33579.7073625376,1531.0853006752973,0.045595552222811093,775.7268608501049,0.023101060782784726,2323.393476699246,0.06919040275173108,903.0337789765057,0.026892246833096402,False,False,False,False
parpadeo,Fp1,11,22.0,26.0,1027.0815920596883,184.8577520980143,21898.946947253477,2532.324274572915,0.11563680576387322,937.1880036272869,0.04279603059839492,2584.75579798864,0.11803105437966345,881.6928796230403,0.040261884817873426,False,False,False,False
parpadeo,Fp1,12,24.0,28.0,917.4994675097334,183.1859455265766,23901.021592488472,2083.2744353519956,0.087162568649648,1200.4545657720334,0.05022607762294596,2105.773996597502,0.08810393264777004,845.0445078572021,0.03535599951605331,False,False,False,False
parpadeo,Fp1,13,26.0,30.0,868.098715335254,170.34811734994898,17315.655510492015,1476.3754525899096,0.08526246388393062,868.7807633376176,0.05017313741378143,2190.5259451946836,0.12650551657529718,969.7931946843942,0.05600672721265278,False,False,False,False
parpadeo,Fp2,0,0.0,4.0,1039.5209430302314,212.91922891138148,36827.465286630104,2989.5851307512403,0.08117813994210955,1540.4643398314977,0.04182922522204508,2106.5625400477106,0.057200856036445175,1148.6975373143237,0.031191327678240958,False,False,False,False
parpadeo,Fp2,1,2.0,6.0,1134.5595965480718,266.36605396184274,57824.98323382293,4171.35008948377,0.0721375062508253,1432.027444972772,0.02476485707193689,3228.567327046404,0.05583343299886948,1156.7726473960156,0.020004720843903284,False,False,False,False
parpadeo,Fp2,2,4.0,8.0,1111.9790346596483,258.41004256887646,40064.04363604581,2675.9494763172465,0.0667917971692124,926.4515768305147,0.023124265369883476,2640.8463540856046,0.06591562194959329,1095.11421293355,0.0273340909590132,False,False,False,False
parpadeo,Fp2,3,6.0,10.0,1001.2670227390405,197.24609998482308,25572.780528109408,1531.856059186397,0.05990181855674991,1261.7027737316166,0.04933772345735977,2719.1293475406173,0.1063290456253582,910.1673169529049,0.03559125359686468,False,False,False,False
parpadeo,Fp2,4,8.0,12.0,841.6593332359985,145.15353739187316,13947.771750877357,1717.5304341692145,0.12314013054172446,1272.4299479730855,0.09122818832284417,2154.9266800048676,0.15449970923630266,698.9048759493352,0.05010871187402188,False,False,False,False
parpadeo,Fp2,5,10.0,14.0,929.3960232208776,145.5419611347611,18836.475612221897,1917.986938721042,0.10182302561295338,1062.1349971427685,0.056387140514418246,1826.784476384521,0.09698122483163604,677.6889516025293,0.03597748143303497,False,False,False,False
parpadeo,Fp2,6,12.0,16.0,851.1394557542446,134.4482536909869,17294.260049103425,1415.2710950839817,0.08183472961928502,754.6080948329969,0.04363344211839336,1737.6331533814387,0.1004745590992499,761.0205919527988,0.04400422971506387,False,False,False,False
parpadeo,Fp2,7,14.0,18.0,862.6396657115513,139.8678991838666,11404.103764574966,837.6772382468318,0.07345401756593473,372.66113694874684,0.032677810079767895,2164.942508290532,0.1898388994859536,920.9952359178125,0.08075998385587631,False,False,False,False
parpadeo,Fp2,8,16.0,20.0,1045.5667163371747,199.1684055943974,41295.83195561949,2470.9930563266216,0.05983637910436556,1086.7094063159166,0.026315232188173374,2129.7737733521485,0.05157357710194603,1385.5006443065029,0.03355061706458648,False,True,True,False
parpadeo,Fp2,9,18.0,22.0,1050.4828289839425,202.79184262718871,31214.482131544995,1390.389676938388,0.044543096088506824,1182.132890864066,0.037871295954303726,2015.6075267830727,0.06457283251693363,1270.4027869373483,0.04069914668401607,False,True,True,False
parpadeo,Fp2,10,20.0,24.0,958.9038915144579,175.61748392638793,23585.81762312951,1231.577330931183,0.05221685975064238,1026.0899778247779,0.0435045328603974,1688.6220187713182,0.07159480522376996,1266.7374642802542,0.05370759176217932,False,True,True,False
parpadeo,Fp2,11,22.0,26.0,933.7847567338335,177.5702736972579,22429.09325827669,1791.3732730406007,0.0798682876927963,691.4673573370229,0.03082903750832016,2176.8811978018443,0.09705613921768953,1466.5191215595255,0.06538468161294736,False,True,True,False
parpadeo,Fp2,12,24.0,28.0,892.5847310152931,175.792074011222,23145.46555704242,1742.439408818678,0.07528210674891825,539.0741351374095,0.023290701749284392,2198.3884507070193,0.0949813882675659,1270.7840759208414,0.05490423481821832,False,True,True,False
parpadeo,Fp2,13,26.0,30.0,881.2884283872415,153.07811087865443,16753.85746331483,1509.6628902499401,0.09010837614893054,537.2598650468323,0.03206783072037267,2757.923602462553,0.16461424531642663,1733.7201553494879,0.10348184942755644,False,True,True,False
masticacion,Fp1,0,0.0,4.0,1091.2468471630277,175.93032839420533,25360.82092785803,3231.8169784566508,0.12743345287007668,642.3600567836185,0.025328835316920165,2966.802522101629,0.11698369427949763,2069.0898168356043,0.08158607415435741,False,True,True,False
masticacion,Fp1,1,2.0,6.0,1091.2468471630277,205.13681637912643,35714.72090395407,1933.8286061043643,0.05414654117849386,818.2317936349988,0.022910211053739755,3058.2610140614224,0.08563026496233475,1784.3593138968256,0.04996145199329486,False,True,True,False
masticacion,Fp1,2,4.0,8.0,1036.3399677784787,221.34124425255956,30210.045261293762,3142.498598238307,0.10402164482237944,1475.9663842952436,0.04885680810900032,3213.39996574952,0.10636859157131578,1535.649225647955,0.050832404002237166,False,True,True,False
masticacion,Fp1,3,6.0,10.0,953.8815106701552,192.0952375449061,26233.737844888754,3209.690035233048,0.12234970305073806,1443.6218961104219,0.05502921103527341,2499.783609658466,0.09528888427714127,1167.1152539903208,0.0444890949544087,False,False,False,False
masticacion,Fp1,4,8.0,12.0,1019.7043879265769,219.7187676451561,37275.89894270993,4317.810973294236,0.11583385232185454,730.2008665253406,0.019589088049830828,1948.8916378297454,0.052282887686358304,656.1889031731557,0.01760357018302001,False,False,False,False
masticacion,Fp1,5,10.0,14.0,1075.4026509187972,232.90437361443114,43401.49720851586,2563.902083063087,0.059074046933109504,795.9803443424316,0.01833992824068409,1808.3461979267543,0.04166552571306081,577.7702751463896,0.01331221990731289,False,False,False,False
masticacion,Fp1,6,12.0,16.0,1035.2606520275592,134.48742695359095,14000.118802795285,1021.9423341645634,0.07299526158024608,536.8120300105451,0.03834339105060768,1817.043683641682,0.12978773317829906,747.5977730505999,0.053399387789576,False,False,False,False
masticacion,Fp1,7,14.0,18.0,501.88491387514375,77.61109929560207,5470.270276697733,313.18687165860064,0.05725254070035893,397.02737652180554,0.0725791151879759,2260.8984186263447,0.41330652861108597,968.3630750027993,0.17702289393777015,False,False,False,False
masticacion,Fp1,8,16.0,20.0,520.0146550719575,76.75182765032314,5513.571096265088,312.3341328532482,0.056648246191080116,357.66930931373963,0.06487071683106183,3172.639391012639,0.5754236837830559,1034.022695868176,0.18754137342468052,False,False,False,False
masticacion,Fp1,9,18.0,22.0,550.6091644666551,77.21747091327849,5996.956891810727,350.8388086661159,0.05850280650594827,536.2584645974155,0.08942176411668303,2741.822274245904,0.4572022650337971,1096.6177306373036,0.18286236676718712,False,False,False,False
masticacion,Fp1,10,20.0,24.0,515.0698272215923,84.22556439126541,5911.0837255781225,201.21577628553092,0.03404042061100249,436.73241920498356,0.07388364629571707,1982.9475929031066,0.3354626131114677,1577.8467123699975,0.26693019175864896,False,True,True,False
masticacion,Fp1,11,22.0,26.0,800.5202752676832,122.27648079799305,7685.594149303186,559.0828861377338,0.07274426352430059,262.38505577402765,0.03413985316903792,2091.4923759565613,0.2721315145356962,1405.6259041192727,0.1828909875818402,False,True,True,False
masticacion,Fp1,12,24.0,28.0,1080.7685121832094,196.68271022247885,32751.62494742457,4152.767964642489,0.12679578406594577,1424.6074352327626,0.04349730547780918,2767.5441445439833,0.08450097205823096,1296.9426007465734,0.03959933599717649,False,True,True,False
masticacion,Fp1,13,26.0,30.0,1132.4096113828687,205.19658511191201,34541.785838867916,5798.191332460941,0.16786020733000334,1086.6997383492933,0.031460438768816976,2455.824298078493,0.07109720121404646,1287.8240336083154,0.037283076202713296,False,True,True,False
masticacion,Fp2,0,0.0,4.0,1039.903702893561,185.75269882366698,27936.11031825607,1779.6322049287614,0.06370365038850033,1002.8475314927933,0.03589789416164493,3085.7707347305686,0.11045813821525602,2368.996250166962,0.08480050455051497,False,True,True,False
masticacion,Fp2,1,2.0,6.0,1086.8211699536828,226.0763479146327,37966.87101259875,1595.8003677939137,0.042031390136531684,906.1314100122639,0.023866370492095005,4528.941838020052,0.11928667591588439,2374.2174981061235,0.06253392588813216,False,True,True,False
masticacion,Fp2,2,4.0,8.0,1035.8996000650466,246.97012034841936,44332.97625336416,3565.531040819095,0.08042615998623662,1277.3876074711713,0.02881348638022556,4157.831934864088,0.09378643813810211,2373.1662612903747,0.05353049720207516,False,True,True,False
masticacion,Fp2,3,6.0,10.0,935.4148427314211,201.56373093462258,30322.42879305194,3117.2067465711425,0.10280201391009341,827.9107782480532,0.027303577292520847,1900.4317349182647,0.06267412639958869,1590.9778619625276,0.0524686816092741,False,True,True,False
masticacion,Fp2,4,8.0,12.0,1010.6463944840107,228.7784671943126,38995.889762328996,4006.3210751082634,0.10273700893929774,718.9802342809513,0.018437333746273543,1218.8868849400887,0.03125680404701431,812.8229208592903,0.020843810099301738,False,False,False,False
masticacion,Fp2,5,10.0,14.0,1010.6463944840107,248.08635180081686,45855.699874118574,2903.9514299091793,0.06332803638110426,1050.663810064501,0.022912392852987646,1056.0104758156172,0.023028990479145216,501.45834126133565,0.01093557273442388,False,False,False,False
masticacion,Fp2,6,12.0,16.0,984.1828058102485,141.39562983090656,15139.584729558439,984.3935205456312,0.06502117053605222,783.549097298465,0.05175499270919025,1795.0499811227508,0.1185666590721016,1146.9296728114011,0.07575701006990913,False,False,False,False
masticacion,Fp2,7,14.0,18.0,667.2912669390813,75.89480841586845,4607.692795159169,424.8720150498993,0.09220927564794876,441.62527676107476,0.09584520852280891,1903.3377353086057,0.4130782627930942,922.0976231258878,0.2001213327621671,False,False,False,False
masticacion,Fp2,8,16.0,20.0,587.8106386923303,74.843339774408,5056.094601675547,351.8138712287208,0.06958213778518556,475.8925306611691,0.09412255271162497,1925.553689082685,0.38083814500713115,1340.5864334111618,0.2651426721657666,False,True,True,False
masticacion,Fp2,9,18.0,22.0,717.8634185410338,86.06061932018707,5570.666672810701,327.6410670655013,0.05881541408044592,406.4268574841567,0.07295838745259056,2381.441320415528,0.42749664632401396,1385.1953980063,0.24865881937742906,False,True,True,False
masticacion,Fp2,10,20.0,24.0,685.2202154913844,102.31854255592856,10514.465373540632,1108.3591075802256,0.10541278783126543,447.65084190854,0.04257476019989007,2917.338391873304,0.27745950823279203,1389.1531902729043,0.13211829046188794,False,True,True,False
masticacion,Fp2,11,22.0,26.0,931.6821660088755,132.16373604050446,8786.834786528565,1211.4389561591706,0.13786977741023132,451.0012717585492,0.05132693201993471,2323.2039167656294,0.26439599391665164,1454.4708201485455,0.16552841330059498,False,True,True,False
masticacion,Fp2,12,24.0,28.0,1096.2716269069424,197.5418871606236,32734.010931682158,2862.6963649155837,0.08745327209947484,1021.9332988653242,0.03121931195655064,2297.5809205220557,0.07018941019226897,1557.3312393316828,0.04757532593796484,False,True,True,False
masticacion,Fp2,13,26.0,30.0,1170.5271272135824,198.65072038856425,28921.13942188595,3718.1010709087705,0.12855997879859163,1096.6095599744037,0.03791723223548202,3097.557621963826,0.10710358180493271,1322.311557219617,0.04572128151420491,False,True,True,False
musica_relax,Fp1,0,0.0,4.0,477.58637654153756,66.22058204667393,3826.707817648883,487.4958294634931,0.12739301057037822,297.2468094935075,0.07767690235522998,789.9249687855879,0.20642416573913272,287.22546605915056,0.07505811254636655,False,False,False,True
musica_relax,Fp1,1,2.0,6.0,477.58637654153756,75.97277800902324,4764.754146545697,610.0164301197769,0.12802684280405538,297.96896484591815,0.06253606286526592,1026.5771153148048,0.2154522738721036,342.1717369266191,0.07181309389796811,False,False,False,True
musica_relax,Fp1,2,4.0,8.0,419.06923600831584,68.42190123065241,3809.8266044109373,408.17191158044403,0.10713661118011805,220.01391649164867,0.05774906297229411,604.6084314564737,0.158697099431368,429.7732730338448,0.11280651789671013,False,False,False,True
musica_relax,Fp1,3,6.0,10.0,389.9202427252282,53.77116390435494,2304.5543973102417,216.41824974245105,0.0939089352783529,193.81025248920093,0.08409879702358355,860.1858411518152,0.3732547351261399,426.60128145170745,0.18511226376327444,False,False,False,True
musica_relax,Fp1,4,8.0,12.0,825.2109305634967,100.77709136326989,10289.770470792922,507.36227889233714,0.04930744376975788,280.2074113817252,0.027231648380989844,1089.088281724554,0.10584184407377065,397.1519332778446,0.03859677282453904,False,False,False,True
musica_relax,Fp1,5,10.0,14.0,825.2109305634967,102.59285009823553,11151.237950307463,515.5105341368542,0.04622899595848374,505.2859059761375,0.04531209074972754,841.5428661882385,0.07546631772529214,310.62335019032383,0.02785550371846915,False,False,False,True
musica_relax,Fp1,6,12.0,16.0,464.2320286646028,69.72222036855403,3549.224550389493,496.9968170991127,0.1400296910052006,348.0037250275108,0.09805063615637416,550.7142265976049,0.155164661682837,385.6352260407411,0.10865337500227236,False,False,False,True
musica_relax,Fp1,7,14.0,18.0,461.1833550287157,77.3073512442038,4520.952568140429,489.47059331999645,0.1082671374987079,298.3157021727922,0.06598514310348012,556.1366133572,0.12301314932528735,199.98857121993586,0.044235936609747645,False,False,False,True
musica_relax,Fp1,8,16.0,20.0,578.4424786690518,75.86770657179471,6021.2514543457955,549.4003300611039,0.09124354533717041,247.53282210482388,0.04110986295484618,546.1469267912479,0.09070322522356548,222.25504987376496,0.03691177017916333,False,False,False,True
musica_relax,Fp1,9,18.0,22.0,473.65667414616837,66.07850169389849,4941.338877400007,468.59924119419316,0.09483244376082073,235.39362809337837,0.047637620882467355,527.2523683120038,0.10670232934710787,260.77909333890176,0.05277498666031915,False,False,False,True
musica_relax,Fp1,10,20.0,24.0,349.21509067947454,58.4322366502527,2638.165446137007,214.4297503028616,0.0812798721993896,192.19725636855821,0.07285261682506962,490.8742967674713,0.18606653251646707,246.09168530744267,0.09328136931964898,False,False,False,True
musica_relax,Fp1,11,22.0,26.0,349.21509067947454,56.333887986235965,2906.3119736466997,196.8786851442762,0.0677417589472483,129.40275999676908,0.04452473140190823,467.13905329928724,0.16073259083509323,189.55939338000223,0.06522334666713439,False,False,False,True
musica_relax,Fp1,12,24.0,28.0,287.7311892332042,48.144013863425954,1741.5060521982032,207.66345989200508,0.11924360505660225,267.2458509678337,0.1534567454591987,340.3276457861979,0.1954214545258811,266.8482494082435,0.15322843642800796,False,False,False,True
musica_relax,Fp1,13,26.0,30.0,287.7311892332042,48.19437071569293,2068.8528735060436,283.79219764187025,0.137173697209765,262.5411554848011,0.12690180091921077,464.10496249641574,0.22432961204723387,235.71918400058405,0.11393714218117186,False,False,False,True
musica_relax,Fp1,14,28.0,32.0,273.49031246994673,44.15961322121603,1759.9890456876326,224.25912058698614,0.1274207479509439,182.77059717991546,0.1038475765674476,454.1037069764083,0.25801507576939986,273.6190425184417,0.15546633269614354,False,False,False,True
musica_relax,Fp1,15,30.0,34.0,314.706730606861,47.296153492274186,2274.2819943610066,337.8501302481661,0.1485524359274058,160.8031700799351,0.07070502711565244,526.7897402279141,0.23162903348576327,224.61670413302232,0.09876378773166682,False,False,False,True
musica_relax,Fp1,16,32.0,36.0,502.8924754998059,70.70841184402478,3945.119434212883,210.34402804543328,0.05331753107936019,157.6606363936832,0.03996346346993146,555.3428269878806,0.14076705059214026,239.9109734028131,0.060812093880417424,False,False,False,True
musica_relax,Fp1,17,34.0,38.0,502.8924754998059,69.06574465664336,3853.887961644618,217.8854021695384,0.05653651697662675,169.358776823218,0.0439449144626782,611.0653457229342,0.1585581500563827,316.07882671902803,0.08201557229083115,False,False,False,True
musica_relax,Fp1,18,36.0,40.0,344.4980821730495,53.22028354080796,2592.1552661197334,332.15590860009365,0.1281388938932299,181.4707344626946,0.07000766382885042,675.1654937897279,0.2604649121965603,459.9239110972333,0.17742915214554478,False,False,False,True
musica_relax,Fp1,19,38.0,42.0,344.4980821730495,54.16964965662064,2461.689824538253,353.5093476221501,0.14360434206549924,504.88670376411585,0.20509761170208315,774.6796245407611,0.31469424653695766,297.3214664091991,0.12077941885508205,False,False,False,True
musica_relax,Fp1,20,40.0,44.0,512.0519005590807,68.262337463276,3239.5349268803234,147.87473615431838,0.04564690287093832,566.5216434733073,0.17487746119745295,549.6564046428881,0.1696713932861369,386.91657763404345,0.11943584075095762,False,False,False,True
musica_relax,Fp1,21,42.0,46.0,593.7027073436882,94.65963284540871,5816.671759477573,237.04215637465728,0.04075219750683462,544.2735857926001,0.0935713081807945,649.9134352349622,0.11173287098004211,332.5815453544116,0.05717729297901496,False,False,False,True
musica_relax,Fp1,22,44.0,48.0,812.3884385242027,122.53788694946282,5967.101029599654,728.4057857391401,0.12207029546272162,642.1725002981246,0.10761884156354051,823.5463756733639,0.1380144850218193,348.0103069212439,0.05832150405950018,False,False,False,True
musica_relax,Fp1,23,46.0,50.0,812.3884385242027,105.74990238519554,8691.232337675601,877.9656409184554,0.1010173939445347,486.3317563935552,0.055956593668006885,571.7331799530975,0.06578275182849419,274.21271421657934,0.0315504986591942,False,False,False,True
musica_relax,Fp1,24,48.0,52.0,353.1871743956573,54.704265846686475,2941.3548609487193,277.3929459417258,0.09430788159040902,330.8963780725071,0.11249794523799081,528.8461625211137,0.1797967900923512,250.40976010273533,0.08513415481665715,False,False,False,True
musica_relax,Fp1,25,50.0,54.0,597.3563175299621,80.9027969531695,5026.711037029961,250.64001318659425,0.049861631460455955,368.1237187354343,0.07323351512024465,605.725270195275,0.12050131104277055,216.34223152392963,0.043038525574717684,False,False,False,True
musica_relax,Fp1,26,52.0,56.0,597.3563175299621,77.70719516005327,2404.568835669592,235.33993636912436,0.09787198972142964,243.3692468743537,0.10121117901230035,591.6182117360866,0.24603920792782824,257.31421969144077,0.10701054420834967,False,False,False,True
musica_relax,Fp1,27,54.0,58.0,488.2194509491742,71.2149506239663,3215.7820953156843,207.67019619875305,0.06457844158696538,193.6714768570825,0.060225311018180266,414.6977791362307,0.128957052077722,195.55254683815843,0.06081026047225429,False,False,False,True
musica_relax,Fp1,28,56.0,60.0,488.2194509491742,72.9979562659041,3053.335751023965,99.59108290435074,0.032617141063164094,312.1864914668179,0.10224440314568198,597.9997555269401,0.1958512932376976,304.8830348523078,0.09985244326637266,False,False,False,True
musica_relax,Fp1,29,58.0,62.0,851.1782942055921,129.66871172601722,5923.245949811103,457.95659273425457,0.07731514048456137,220.5387558461943,0.03723275341170452,574.7691046912933,0.09703617063370855,315.8043276330272,0.053316092275908014,False,False,False,True
musica_relax,Fp1,30,60.0,64.0,851.1782942055921,131.86304729813668,11753.726988299133,439.47091624047215,0.037389920378273774,242.51389491720158,0.020632935847380563,607.6936444171603,0.05170220858644419,331.2147437169013,0.028179550541426263,False,False,False,True
musica_relax,Fp1,31,62.0,66.0,511.40046890153724,82.96254436511714,2688.2808057106263,255.84000778671577,0.09516863240002431,210.26015008513707,0.07821361133051591,553.1704684026738,0.20577108880426181,354.8226136528599,0.13198867205357487,False,False,False,True
musica_relax,Fp2,0,0.0,4.0,403.28418410155916,65.7240021221748,4400.521618270129,256.4234755371476,0.05827115459961067,305.2643355078258,0.06937003427966956,428.70354457895644,0.09742107453785953,148.00619202409092,0.03363378364273848,False,False,False,True
musica_relax,Fp2,1,2.0,6.0,403.28418410155916,66.11465384658464,3952.1297071685585,334.2467761543692,0.08457383763192201,250.01207439977787,0.0632600883382684,565.2641298879036,0.14302772726881938,191.38782063010703,0.048426502875894686,False,False,False,True
musica_relax,Fp2,2,4.0,8.0,378.93708314043226,52.343786441021884,2661.454244798718,570.7990537919442,0.21446885848496447,205.64035992891996,0.0772661639142597,464.5040155591079,0.1745301526287324,278.7375969930235,0.10473131279177939,False,False,False,True
musica_relax,Fp2,3,6.0,10.0,296.3411569594951,45.14290591397248,1419.7346134230283,327.4624019592426,0.23065043203371624,217.83537482376238,0.15343386909371315,382.4130749471435,0.2693553227001578,161.50408750221885,0.11375653306981579,False,False,False,True
musica_relax,Fp2,4,8.0,12.0,632.3569654025614,82.53437034938928,5558.849564906768,304.85998838621146,0.05484228073211485,219.34098486074325,0.03945798178195923,396.3784130117189,0.07130583556606229,235.09094720660892,0.042291295071330434,False,False,False,True
musica_relax,Fp2,5,10.0,14.0,632.3569654025614,86.03714373333545,6291.903719332118,249.76539821580354,0.03969631598913214,200.30027606316705,0.031834606026747786,386.05253298612973,0.06135703122728473,161.07391628175745,0.02560018771216279,False,False,False,True
musica_relax,Fp2,6,12.0,16.0,351.532514768963,56.613898086498295,1986.1610338869762,386.704326260025,0.19469938220630237,173.83594065295244,0.08752358831285213,378.70428021609155,0.19067148824028432,169.26602356058947,0.0852227088703532,False,False,False,True
musica_relax,Fp2,7,14.0,18.0,428.89395475900676,66.65290752002251,3438.570435422511,394.0189114199637,0.11458800068800946,165.7811211517316,0.048212221987350805,346.7822100420487,0.10085069262204546,116.49169274585674,0.033877942864224894,False,False,False,True
musica_relax,Fp2,8,16.0,20.0,613.498044799283,83.91853377868088,6629.034822685295,545.6117350613702,0.08230636128116661,127.65939354942006,0.01925761396101819,317.71099099146403,0.04792718691176907,112.36559914948786,0.016950521781083465,False,False,False,True
musica_relax,Fp2,9,18.0,22.0,500.91026043586817,72.69590903389063,5662.906490138834,708.4354703740449,0.12510103629782462,207.13481168971563,0.036577473431781395,414.4913676994985,0.07319410419742542,112.60828778145984,0.01988524584990968,False,False,False,True
musica_relax,Fp2,10,20.0,24.0,428.5045918254706,63.42892647241235,2567.6298765255565,287.8979638673876,0.11212595962505426,142.7790267120715,0.05560732409971643,425.51401097303176,0.16572248783334192,154.94183473137642,0.06034430279376531,False,False,False,True
musica_relax,Fp2,11,22.0,26.0,428.5045918254706,63.61549479543122,3249.0636672141745,303.6099300216209,0.0934453618392598,208.07784628095627,0.06404240347169535,264.97822206825117,0.08155525690127516,159.5527899044428,0.04910731405926779,False,False,False,True
musica_relax,Fp2,12,24.0,28.0,276.6558952908513,44.64647148398146,1651.6971978436754,255.9659867001742,0.1549714966122986,180.29259127242034,0.10915595879668259,455.1520597140797,0.27556628436997416,105.36045287717461,0.06378920604498503,False,False,False,True
musica_relax,Fp2,13,26.0,30.0,273.47230592090324,44.33925238436301,1668.0404125040836,182.52380824575704,0.10942409241257528,223.05933364254759,0.13372537737721119,340.88522247449436,0.20436268804947783,137.13182156310097,0.08221133045406072,False,False,False,True
musica_relax,Fp2,14,28.0,32.0,234.45893116162262,37.97614372891254,1220.0835320634556,159.2032255572915,0.13048551297798475,165.1713895292837,0.13537711573726352,297.66225614614103,0.24396875158434633,125.93808549195627,0.10322087150784225,False,False,False,True
musica_relax,Fp2,15,30.0,34.0,282.4773756364734,40.31276974355594,1251.351141482316,184.24183757725388,0.14723432254115826,287.7409833542037,0.22994423692565916,279.60289697750153,0.22344079747775006,121.29312030729426,0.09692972362946325,False,False,False,True
musica_relax,Fp2,16,32.0,36.0,431.09060101249236,59.706659227310546,3040.635535269521,260.9481853272765,0.08582027747174446,227.59913978842667,0.07485248960239241,264.46392786747464,0.08697653000494604,149.4573276555526,0.04915331874601168,False,False,False,True
musica_relax,Fp2,17,34.0,38.0,409.7913905127036,58.96463378390046,2147.1439371012,174.9019337042364,0.08145794545118697,129.70683732350483,0.060409008954759896,296.4681767508589,0.13807559503957262,151.00244130790963,0.0703271162676564,False,False,False,True
musica_relax,Fp2,18,36.0,40.0,314.9783156264451,55.670051298305324,2592.358281474926,311.4277778751849,0.12013300017233637,218.124102948263,0.08414118700604954,309.9622506653209,0.11956767429885015,113.24460795396287,0.043684011104179694,False,False,False,True
musica_relax,Fp2,19,38.0,42.0,303.6658281999969,54.420702316484814,1796.0615122179797,287.70352496271903,0.1601857859575367,246.31647656104013,0.13714256159125682,432.6312608670755,0.240877752751805,96.1204966464132,0.053517374540091756,False,False,False,True
musica_relax,Fp2,20,40.0,44.0,295.95894348822736,50.661625535669934,1401.413011646023,189.4318076406384,0.13517200573023236,163.65851304988453,0.11678107145420336,403.3543153412672,0.28781973050721804,126.4810282340565,0.0902525002857643,False,False,False,True
musica_relax,Fp2,21,42.0,46.0,456.6869395415937,72.02509329489673,2922.516055732836,341.8263524971742,0.11696303663640933,142.40646282649968,0.04872735003359649,412.53969708320204,0.14115908662809915,140.10000245150107,0.04793814637106254,False,False,False,True
musica_relax,Fp2,22,44.0,48.0,540.845257324721,94.67576379681108,3244.964384491124,482.78020674091107,0.14877827597994447,354.5276082166604,0.10925469934618635,517.6509792094815,0.15952439468473847,179.32497591597698,0.05526254056070288,False,False,False,True
musica_relax,Fp2,23,46.0,50.0,540.845257324721,80.00466490177563,4692.862091810932,427.41059501012745,0.09107674307241227,512.9141285038626,0.10929665489188364,327.168144342614,0.06971612162085992,144.99863270147202,0.03089769736777379,False,False,False,True
musica_relax,Fp2,24,48.0,52.0,258.26510043468556,46.91551007609136,1715.0075220516533,282.17334066565695,0.16453183851234346,530.398473023171,0.3092688901962707,269.5675137142731,0.15718153433624074,123.94625890741258,0.07227155409740502,False,False,False,True
musica_relax,Fp2,25,50.0,54.0,499.8542609099228,75.06912925719713,3907.7940196587047,301.524628893459,0.07715980611480472,418.0139703076679,0.10696929474910656,287.0871267273267,0.07346526589761249,124.11180552571693,0.03176006844305384,False,False,False,True
musica_relax,Fp2,26,52.0,56.0,499.8542609099228,71.72038588371021,2446.688059489552,164.50086970198353,0.06723410001694415,259.4655249310317,0.1060476524274057,349.4663964782062,0.14283242815641758,154.29720968616593,0.06306370323250635,False,False,False,True
musica_relax,Fp2,27,54.0,58.0,447.19071937713414,62.55226700305036,2642.3309668801376,211.78342098343114,0.08015022479696736,252.67762159988382,0.09562678739606426,331.72151470997727,0.1255412432688736,164.80964684790118,0.06237282494648875,False,False,False,True
musica_relax,Fp2,28,56.0,60.0,447.19071937713414,65.14525600967822,2708.7325124772333,212.43027129148751,0.07842423359005367,336.04381999047797,0.12405943312695494,400.35507451281967,0.14780162776083067,140.26671992243251,0.051783156615251597,False,False,False,True
musica_relax,Fp2,29,58.0,62.0,652.132264470245,101.46331460366748,4638.224547261523,324.3779992318689,0.06993581184494108,265.0755327317501,0.05715021556863922,368.0731183096241,0.07935646809659958,140.96463828564276,0.030391939167514082,False,False,False,True
musica_relax,Fp2,30,60.0,64.0,652.132264470245,102.81816888734437,7056.590387982122,293.6401916231322,0.041612191650407034,168.66696467689076,0.023902048355271217,341.66497854423056,0.048417856182514214,132.98843668734457,0.01884599068040472,False,False,False,True
musica_relax,Fp2,31,62.0,66.0,549.625263044775,75.34723139185131,1568.4524596952665,247.73297282048264,0.15794739030127475,114.30395409446018,0.07287690065956363,264.06904852320184,0.1683628004730903,133.9747053159648,0.08541840365502353,False,False,False,True
musica_estres,Fp1,0,0.0,4.0,819.750450719953,174.51410023907013,19586.899625194757,386.29980251512814,0.01972235575344595,245.86157090811858,0.012552347518637673,637.050591410468,0.03252432000984094,863.2161905277513,0.04407109890007251,False,False,False,True
musica_estres,Fp1,1,2.0,6.0,819.750450719953,181.95438990072074,27046.21934190958,957.4863359754809,0.03540185501978105,979.2928611402901,0.03620812390672374,1016.5176423141758,0.03758446344990728,681.0806238703152,0.02518210087925095,False,False,False,True
musica_estres,Fp1,2,4.0,8.0,1295.4151626495413,216.44993301232205,39076.51186216812,6704.62309379078,0.17157680597079736,588.4399022294685,0.015058659900480165,878.8769491260981,0.022491182227986472,190.7688752029749,0.004881932038250005,False,False,False,True
musica_estres,Fp1,3,6.0,10.0,1295.4151626495413,207.21564271956825,34073.68904299683,6491.503828879758,0.1905136781840168,519.4806616177937,0.0152458003875739,916.0738961657179,0.026885081184187146,231.94073317036646,0.006807033217849866,False,False,False,True
musica_estres,Fp1,4,8.0,12.0,1313.2368024808216,287.8672908443573,53369.67883062916,17086.052285755097,0.3201453083496788,3474.2906757522665,0.06509858691070765,1936.8123091523157,0.03629049961681179,742.9118100361229,0.01392011018829219,False,False,False,True
musica_estres,Fp1,5,10.0,14.0,1574.8185587702033,401.43046868674503,125934.08871386765,32439.125073737632,0.2575881193490186,11031.886929937047,0.08760048246350818,5780.572502989512,0.0459015709092352,1430.4233335772076,0.011358507836803776,True,True,True,False
musica_estres,Fp1,6,12.0,16.0,1574.8185587702033,364.47507866521727,100901.57971348874,12266.255566193027,0.12156653643107679,8408.537876248412,0.08333405582077662,4071.5762010607464,0.040351956952725976,621.7898700791358,0.006162340290852885,True,False,True,False
musica_estres,Fp1,7,14.0,18.0,1322.9337168393706,342.64404973620316,61646.13924372867,12305.513377772117,0.19961531295772056,2885.1046065099213,0.046801059107743334,1862.6133522238235,0.030214598595698906,217.8444225325074,0.0035337885746781613,False,False,False,True
musica_estres,Fp1,8,16.0,20.0,1322.9337168393706,281.04707585915713,64120.71775966754,8042.835185360148,0.12543270671899992,1561.209838645228,0.024347978207243992,2302.6284824602503,0.03591083448396179,690.9047227235553,0.010775062208647641,False,False,False,True
musica_estres,Fp1,9,18.0,22.0,673.6404309634462,118.7353170416261,7143.013958506704,536.2016900120292,0.0750665885754654,684.7456638276732,0.09586228835689185,1226.2595129710503,0.1716725628837226,652.3683261707606,0.0913295605972948,False,False,False,True
musica_estres,Fp1,10,20.0,24.0,944.7820927936109,156.41044498595107,6177.445281769228,1152.5266710902235,0.1865701141038903,744.3987889147224,0.12050269244983514,667.4549439103604,0.10804708313323991,241.31898523676753,0.03906452817136949,False,False,False,True
musica_estres,Fp1,11,22.0,26.0,944.7820927936109,153.39266165294595,13161.464028014816,2530.0983250537856,0.1922353257713844,1115.6402871672567,0.08476566777013272,240.976559344977,0.01830925183034704,66.84002383742593,0.00507846419631993,False,False,False,True
musica_estres,Fp1,12,24.0,28.0,509.97895651097974,91.84194626054678,4471.4640537924,453.17754769683523,0.10134880706744809,419.29150650256247,0.09377051933291226,394.91637664647317,0.08831925559404447,176.72378407929338,0.039522577382548336,False,False,False,True
musica_estres,Fp1,13,26.0,30.0,608.5747792195787,100.47838328239233,9017.418559775422,769.4144747542763,0.08532535887670256,599.6780428335284,0.06650218561535456,625.5741753918865,0.06937397562783937,237.05296919188623,0.02628834046246047,False,False,False,True
musica_estres,Fp1,14,28.0,32.0,631.878918195479,133.0945796120888,11385.794285365708,1342.3853272747313,0.11790001589964738,465.84144999523244,0.040914268984640255,570.9486254506936,0.05014570008387912,146.38906919157378,0.01285716793423269,False,False,False,True
musica_estres,Fp1,15,30.0,34.0,614.141629624991,129.82696199066416,10911.823296008613,1342.7061515884511,0.12305057689850912,338.38340009583777,0.031010711126490977,666.2240978528096,0.06105524986795788,356.50472724689126,0.03267141682703893,False,False,False,True
musica_estres,Fp1,16,32.0,36.0,487.76037753416676,87.90372270502428,4461.1234626675505,601.6462416102514,0.13486428847913887,211.7771091263163,0.047471698754484405,342.5167737772545,0.07677814269064075,181.79415505293122,0.04075075630034828,False,False,False,True
musica_estres,Fp1,17,34.0,38.0,396.6056133712193,75.34169479749373,4070.710774076667,199.8814934977718,0.04910235695708685,233.99057892596602,0.05748150431518697,278.3443424177159,0.06837733208418643,106.10724224704249,0.02606602338902599,False,False,False,True
musica_estres,Fp1,18,36.0,40.0,320.181087107306,67.40556915168838,3623.1602402260323,377.1075346972223,0.1040824886822274,183.45513707278346,0.05063401144558225,406.639177461519,0.11223328544700266,185.6800256552997,0.05124808546798249,False,False,False,True
musica_estres,Fp1,19,38.0,42.0,1003.636394743561,188.15440189166057,25409.181263141352,1766.8662058316177,0.06953652648362346,1110.0628676494257,0.04368747092452313,1507.0404819056293,0.05931086351419546,690.59619278994,0.027179002173978794,False,False,False,True
musica_estres,Fp1,20,40.0,44.0,1003.636394743561,193.27664450697233,26959.254255599335,1496.8039396989411,0.055520969738547594,1044.4896604596702,0.03874326977137113,1360.9552319648963,0.05048193169817489,665.0339139661126,0.02466811239142446,False,False,False,True
musica_estres,Fp1,21,42.0,46.0,814.1121673171609,134.43180606256925,8233.822907706419,478.13624719014626,0.058069775431122794,246.54823865092467,0.029943349694850574,539.2319935523774,0.06548987020933922,524.850943422415,0.06374328781484752,False,False,False,True
musica_estres,Fp1,22,44.0,48.0,947.6273089610745,172.61333162251762,28262.25673467243,2497.8412934874386,0.0883808153374766,823.0023571235466,0.02912019251859243,1829.0777892741487,0.06471803743224146,1159.6255451531827,0.041030889926441785,False,False,False,True
musica_estres,Fp1,23,46.0,50.0,845.8953504483901,132.88332187766594,17988.54434058797,1611.8252622088044,0.08960287345608091,498.44840296430306,0.027709212792701762,1519.7513242344126,0.0844843971507668,812.2613918032021,0.045154370271666605,False,False,False,True
musica_estres,Fp1,24,48.0,52.0,414.43999091243455,65.55848355516213,3897.2533716017683,275.0063320665763,0.07056413988130028,267.7791742588037,0.06870971649162926,498.1354232712404,0.1278170485144791,369.23934993742984,0.0947434807877715,False,False,False,True
musica_estres,Fp1,25,50.0,54.0,381.89402750459595,62.96521745999034,3710.2034466177797,328.48800576703013,0.0885363863446571,242.76230900375504,0.06543099657380165,383.4326875757732,0.10334546153400571,239.345867681829,0.06451017339763851,False,False,False,True
musica_estres,Fp1,26,52.0,56.0,375.9541323259799,55.36459042820727,2789.481596900916,450.8554555643559,0.16162696899138945,269.0472045859488,0.0964506110686865,293.3789230777395,0.10517327786054596,135.85942846044898,0.04870418525484712,False,False,False,True
musica_estres,Fp1,27,54.0,58.0,375.9541323259799,59.34645516078094,3027.7775860703478,383.3953349356454,0.1266259901980586,210.4741198708556,0.06951439261561579,193.27541877287672,0.06383408730616917,100.32899555586565,0.03313618411650881,False,False,False,True
musica_estres,Fp1,28,56.0,60.0,320.457584155419,53.43400937271596,2791.286828085128,318.96972155751155,0.11427335892110034,192.4777362401416,0.06895663115072438,338.5794869417929,0.12129870837174565,219.86220359179526,0.07876732744897615,False,False,False,True
musica_estres,Fp1,29,58.0,62.0,715.6220338317663,94.41202833960266,7683.649264686819,646.724893504226,0.08416897638424235,103.17248183717936,0.013427536614841126,324.12014759565733,0.04218310029913479,208.8579701834034,0.02718213221200647,False,False,False,True
musica_estres,Fp1,30,60.0,64.0,715.6220338317663,92.82617372644663,3562.867016540529,326.50773067038136,0.09164185167579274,235.4324517723166,0.06607949459784122,339.63132057424514,0.09532528691009641,161.03235808558838,0.04519740909161058,False,False,False,True
musica_estres,Fp1,31,62.0,66.0,311.33543296547066,44.968815481560526,1584.486612261396,217.76308735650395,0.13743447604502645,337.3902942175006,0.2129335089401441,259.6460650502211,0.16386762945232558,176.5906456421107,0.11144975557103551,False,False,False,True
musica_estres,Fp1,32,64.0,68.0,707.6500345136942,69.173520707817,4915.529675735354,852.796132261996,0.17349018081849324,586.6096019555143,0.11933802472014546,1228.8684341757112,0.24999715498449812,680.655035968273,0.13847033399639647,False,False,False,True
musica_estres,Fp1,33,66.0,70.0,707.6500345136942,76.20202947172287,6619.464972899233,950.1200451693893,0.14353426584463821,623.0765415949395,0.09412793090466959,1622.620290254141,0.24512861642101208,1156.521483249039,0.17471525085244144,False,False,False,True
musica_estres,Fp1,34,68.0,72.0,361.34348591900095,59.03775013579953,3448.0122393350794,326.4541282388109,0.09467893544999853,221.18118103346424,0.0641474466100263,749.4514907580166,0.2173575494333344,631.6835800102631,0.18320224412314676,False,False,False,True
musica_estres,Fp1,35,70.0,74.0,341.8280001830291,49.73684488522921,1996.1342611839518,184.3325240087442,0.09234475235118327,203.42934287446033,0.10191165335431988,572.3250645272622,0.2867167182370806,375.88220306191744,0.18830507064137725,False,False,False,True
musica_estres,Fp1,36,72.0,76.0,558.348751928315,67.08424785666011,2508.452205892395,285.51239735261544,0.11382014641616141,263.62332247731115,0.10509401847803028,806.3538936467774,0.32145475674307805,805.4956115153823,0.3211126006799173,False,False,False,True
musica_estres,Fp1,37,74.0,78.0,684.0080209565693,88.37193499244708,7494.3333552946515,493.6855131303541,0.06587450674069249,353.8733378771814,0.04721878799628981,1830.2623591429851,0.2442195019053867,1589.0487123466448,0.21203336401149037,False,True,True,False
musica_estres,Fp1,38,76.0,80.0,659.9992752185623,104.13966946855234,11782.839030482834,317.68549275108137,0.026961710325432778,529.8599875926014,0.04496878776174616,2998.0360172607957,0.25444088725176645,1740.18648036657,0.14768821638525442,False,True,True,False
musica_estres,Fp1,39,78.0,82.0,628.9954986238231,89.32694121953026,8283.17776526837,412.84459311744877,0.04984132959798586,341.86016909511034,0.041271620479828526,892.0274322808641,0.1076914509816708,486.03234951229916,0.05867703957172673,False,False,False,True
musica_estres,Fp1,40,80.0,84.0,362.51355386824855,51.75556031873364,2131.036195024865,190.01416629411557,0.0891651520221591,221.39819130446625,0.10389227166640545,710.1722845768528,0.33325209878406903,436.77863637944836,0.20496068410248286,False,False,False,True
musica_estres,Fp1,41,82.0,86.0,366.1821093506096,53.8886087498831,3155.642082401124,754.138195312235,0.23898090329002467,454.98111953711344,0.1441802041094974,630.1622288320651,0.19969382216901338,379.46601286214974,0.12025001662210517,False,False,False,True
musica_estres,Fp1,42,84.0,88.0,366.1821093506096,55.15993053145893,2909.9326420692582,770.7365505262707,0.2648640519658897,372.41027857896324,0.12797900308583832,406.275685676197,0.1396168694088031,206.5861966826428,0.07099346345547675,False,False,False,True
musica_estres,Fp1,43,86.0,90.0,792.2926322998633,121.76931408669974,4947.6210657738375,420.65852270041626,0.08502238087924843,254.34674933284438,0.05140788794282147,360.93557884608197,0.0729513384407966,142.10761233833807,0.028722412336990806,False,False,False,True
musica_estres,Fp1,44,88.0,92.0,817.4997777260887,171.6426187958191,26710.154959560514,1003.3370665691324,0.037563880407590164,261.2958743183862,0.009782641647492919,402.8331437217115,0.01508164757305248,190.81105435811378,0.007143764408967449,False,False,False,True
musica_estres,Fp1,45,90.0,94.0,709.0922627568611,137.7356445804398,11491.904486121388,617.6204338463494,0.05374395815700009,428.29834478099946,0.037269570530998525,319.7069228049915,0.027820186218141394,214.77589757318742,0.018689321498674936,False,False,False,True
musica_estres,Fp1,46,92.0,96.0,629.3635294146733,95.38882460269507,8308.681561021958,535.743517486815,0.06447996755587768,640.8978744409263,0.07713592941719344,321.3035081999329,0.03867081748652465,116.53926960367421,0.014026204849441844,False,False,False,True
musica_estres,Fp2,0,0.0,4.0,888.7255720881087,141.39969769514812,23327.27802987771,861.809427463676,0.036944277268863755,216.13802394775982,0.00926546267725403,602.6020808253882,0.025832507335556767,942.0265759664949,0.04038304746743027,False,False,False,True
musica_estres,Fp2,1,2.0,6.0,1034.0408523379515,212.40647525646787,24195.048926243908,2527.799762945818,0.10447591036709837,391.9210064639096,0.01619839693892085,733.5288579206724,0.030317312445069192,862.0021708148544,0.03562721337917433,False,False,False,True
musica_estres,Fp2,2,4.0,8.0,1312.9139092884714,303.01220885402387,77546.85666791436,16688.40094918116,0.2152040929350283,6347.876242184339,0.08185858866424982,2315.797117717632,0.029863197777761273,333.6091715988448,0.00430203345349623,False,False,False,True
musica_estres,Fp2,3,6.0,10.0,1312.9139092884714,274.1305247444126,37492.38800367186,8184.218864400669,0.21829014635181782,4062.795031827766,0.10836319712230309,1715.6575455639068,0.045760156578873605,361.17787108757153,0.009633365339444347,False,False,False,True
musica_estres,Fp2,4,8.0,12.0,1249.3775843103276,345.59325340793134,100677.42611603622,12762.156701329712,0.1267628424133592,4701.704937013458,0.04670068672191209,3799.4062631996158,0.03773841276812732,830.9577498777772,0.008253665016426355,False,False,False,True
musica_estres,Fp2,5,10.0,14.0,1530.7709163997642,433.3057541890965,181799.07591617724,16943.75947243002,0.09320047083320898,7989.889189631258,0.0439490088129776,9448.662369690212,0.05197310449502362,1493.4254162234788,0.00821470301043806,True,True,True,False
musica_estres,Fp2,6,12.0,16.0,1349.4318313907984,399.65950339246723,114034.93337267551,12398.413876213865,0.10872469961195866,4713.880504858032,0.04133716191557445,4992.974355045817,0.043784603606759405,904.4972296439103,0.007931755672517816,False,False,False,True
musica_estres,Fp2,7,14.0,18.0,1086.615528127275,361.52618797160443,43846.84191656096,3327.516925539422,0.07588954597623183,808.4159507903471,0.018437267439436914,923.5974048144891,0.021064171658521345,237.8057586067037,0.00542355499762651,False,False,False,True
musica_estres,Fp2,8,16.0,20.0,957.914370798833,265.73571820925173,22664.701698665245,2301.0474203878352,0.1015255991885985,1121.5685917089943,0.04948525714658071,1622.6419830551129,0.07159335272216145,867.9466358742227,0.0382950831391413,False,False,False,True
musica_estres,Fp2,9,18.0,22.0,911.3517761310197,146.97247179244303,19833.40009980202,1676.4278129777526,0.08452548753829088,874.2237454690019,0.04407835979054991,1493.1613734986533,0.07528519396498023,982.8291263328078,0.04955424291282354,False,False,False,True
musica_estres,Fp2,10,20.0,24.0,1015.7895249508622,263.20385522086184,32454.398496816837,2134.683538143754,0.06577486063570477,541.0544831289526,0.016671222028102596,669.5964588632454,0.020631917086028267,246.53107573146815,0.0075962300073331565,False,False,False,True
musica_estres,Fp2,11,22.0,26.0,1015.7895249508622,254.19895517731564,36924.71055878312,3267.2434955988547,0.08848392976290209,567.2873696450646,0.015363353187073972,723.0548686070864,0.01958186963865304,117.40989601311561,0.0031797106662813865,False,False,False,True
musica_estres,Fp2,12,24.0,28.0,626.9410708635584,109.39128943851101,7803.577835125305,1525.4037688425894,0.1954749220256987,636.8004614745428,0.08160365346882165,573.3951397183296,0.07347849304935168,184.30494520601854,0.023618005625115814,False,False,False,True
musica_estres,Fp2,13,26.0,30.0,676.8820033695072,103.05797067079077,9225.793418453832,1877.0971178484474,0.2034618631383829,491.5878457600814,0.0532840725413151,640.6018456861685,0.06943596248370454,194.82091075561306,0.021116981696763754,False,False,False,True
musica_estres,Fp2,14,28.0,32.0,815.6860414700105,165.6762986434982,14115.617383730278,2702.7417651584924,0.19147173599885786,700.8004447785871,0.04964716921176489,566.8396639550217,0.04015691616920444,195.6512484024715,0.013860622818239604,False,False,False,True
musica_estres,Fp2,15,30.0,34.0,815.6860414700105,169.40966118842732,17297.594883854686,3133.365470915132,0.1811445748356477,609.6963327292057,0.0352474628307018,1148.8658475973739,0.06641766414992803,401.0561671429408,0.023185660771676445,False,False,False,True
musica_estres,Fp2,16,32.0,36.0,583.6384674067374,114.93026664113177,8479.805593139328,1107.7562522108187,0.13063462835835057,419.80694709982413,0.049506671171739264,288.22302361031007,0.03398934332215114,180.18789098210323,0.02124905919162652,False,False,False,True
musica_estres,Fp2,17,34.0,38.0,583.6384674067374,104.32320409525069,6926.775371797075,488.12242394504733,0.07046892641162829,214.1525351175212,0.030916627669125885,197.90361130447502,0.02857081407753679,114.91783569004235,0.01659038001404515,False,False,False,True
musica_estres,Fp2,18,36.0,40.0,497.15324554886706,81.61595828476821,4295.205187944065,324.2236031546729,0.0754850092062459,146.6168230750716,0.03413499859950834,310.2125755337154,0.07222299330528634,140.81252994185562,0.03278365614222418,False,False,False,True
musica_estres,Fp2,19,38.0,42.0,1039.3659391327526,196.134462026977,30335.959287682428,1562.346038090417,0.05150145486662721,739.2688166224148,0.024369389792878133,468.00946396567906,0.015427547865799945,300.29309274273464,0.00989891533987736,False,False,False,True
musica_estres,Fp2,20,40.0,44.0,1039.3659391327526,191.32032925772563,33072.466564461116,1442.1717693535163,0.043606417034018255,623.9242295269738,0.018865367308207606,367.04003448391745,0.011098054442613903,250.91601373884725,0.0075868551639409814,False,False,False,True
musica_estres,Fp2,21,42.0,46.0,934.9357075741941,143.13388849480256,7002.480804425525,208.2863807039385,0.029744655718628003,167.28487436367163,0.02388937278599159,234.1272923085052,0.03343490669200238,135.62976599845345,0.019368816536096217,False,False,False,True
musica_estres,Fp2,22,44.0,48.0,942.035568066558,191.6563489772472,34058.066710537314,1447.2498907359336,0.04249360079760972,340.62475897419546,0.010001294608681023,372.19279881721206,0.01092818338693483,294.48482757330396,0.00864655149325292,False,False,False,True
musica_estres,Fp2,23,46.0,50.0,812.7927104556959,135.01720615768892,16199.475135683484,1010.1747776659131,0.062358488111799684,266.86634988756373,0.01647376520858521,520.8798280950962,0.03215411757061963,289.07854356137824,0.017844932699369306,False,False,False,True
musica_estres,Fp2,24,48.0,52.0,313.75790045793144,48.62219821914695,2007.4393446057447,211.27782220813066,0.1052474251717055,177.05812316107446,0.08820098282762719,313.5418672714716,0.15618995817432796,184.07710114588906,0.0916974660482413,False,False,False,True
musica_estres,Fp2,25,50.0,54.0,313.75790045793144,47.10281305041685,1643.2656634883815,157.91234474986555,0.09609666182316726,295.8926201140234,0.18006377586317493,254.919850758936,0.15513002944258159,157.65754508517063,0.0959416049322723,False,False,False,True
musica_estres,Fp2,26,52.0,56.0,276.15667374419394,45.299747943681815,1788.7045150062595,254.53163459023375,0.14229943093163325,204.9978198395046,0.11460686665666923,142.87905661543013,0.07987851286601697,61.44656605393729,0.03435255266503437,False,False,False,True
musica_estres,Fp2,27,54.0,58.0,427.7058624547843,62.36706081077262,3350.7214002658006,391.4384100044921,0.11682212969823176,136.33041488486165,0.04068688458373384,185.0518023645344,0.05522745112436233,65.11396026185932,0.019432818334790252,False,False,False,True
musica_estres,Fp2,28,56.0,60.0,427.7058624547843,63.45476878863319,3860.675525873363,353.52371314785324,0.09157042874455994,242.74767982489595,0.06287699605886499,391.2417987259407,0.10134024372261483,179.62692364592434,0.04652732985253639,False,False,False,True
musica_estres,Fp2,29,58.0,62.0,704.9398289524688,87.12555988449922,5832.327457719219,457.7675706552426,0.0784879748220201,230.5677468861448,0.039532716322534855,328.76296819776513,0.05636908602630667,178.41241809812095,0.03059026081637238,False,False,False,True
musica_estres,Fp2,30,60.0,64.0,704.9398289524688,91.51075595615039,4209.464192487429,436.0149373585,0.1035796760396845,371.6560050373798,0.0882905728716422,197.27893596392823,0.046865569332080116,117.8182608429174,0.027988897269440132,False,False,False,True
musica_estres,Fp2,31,62.0,66.0,357.53659629005824,60.6496034341973,2689.9057082117183,514.9717406304248,0.19144601948623108,385.8101182935855,0.1434288633671389,166.60021711627695,0.06193533721560626,113.97039772487913,0.04236966276436806,False,False,False,True
musica_estres,Fp2,32,64.0,68.0,680.0108981680496,86.67815910884043,6407.658203940575,965.9912633258389,0.15075574142387535,444.5341234703545,0.06937544252859419,467.9591732880492,0.07303123206544697,469.93392461856047,0.07333941818706263,False,False,False,True
musica_estres,Fp2,33,66.0,70.0,680.0108981680496,84.45675953374598,6204.135424487504,817.2578192761937,0.1317279142635259,457.8238830620152,0.07379334133407218,519.2837312053945,0.08369961254485192,514.3288428763072,0.08290096970583032,False,False,False,True
musica_estres,Fp2,34,68.0,72.0,319.04843200387825,52.58121455205793,2095.611559008386,378.923318326459,0.18081753591097782,333.3266947621523,0.15905938928867036,316.95993851248284,0.1512493749855359,259.5561478376215,0.12385699378392427,False,False,False,True
musica_estres,Fp2,35,70.0,74.0,333.5517761891277,53.312870046416435,2782.555060794902,158.90861237210612,0.057108883346484486,285.3412800160259,0.10254649909228085,202.47633178293685,0.07276633430753918,106.81975798719711,0.03838909047739797,False,False,False,True
musica_estres,Fp2,36,72.0,76.0,416.83248403666215,64.21811293851295,1912.8346044107416,304.52934470126405,0.15920317626995037,388.4476356490921,0.20307434566134658,269.4877104257673,0.14088395818664332,197.36871135657591,0.10318127395932193,False,False,False,True
musica_estres,Fp2,37,74.0,78.0,448.30042755061095,67.66199327294427,5427.476703860781,369.2893377367347,0.06804070434315167,355.7545830980663,0.06554695717901542,609.5349865531175,0.11230540816868563,350.62052649266445,0.06460101915191162,False,False,False,True
musica_estres,Fp2,38,76.0,80.0,470.9655132016437,79.61017885703075,5125.24371102083,465.340124728042,0.09079375556862192,326.8832843183076,0.06377907134745793,756.740755155737,0.14764971147196662,412.04211274413484,0.08039463798728619,False,False,False,True
musica_estres,Fp2,39,78.0,82.0,470.9655132016437,76.63439747682307,5144.562375090375,253.731559374513,0.04932033881114245,376.4929248268873,0.07318269220523804,424.1649620304991,0.08244918247745957,301.997670386957,0.0587023051463443,False,False,False,True
musica_estres,Fp2,40,80.0,84.0,358.1647917112914,48.457812030145476,2040.031102432261,294.26156595808095,0.14424366648490933,311.9805121860634,0.15292929201623418,461.2693416973309,0.22610897507757352,297.82239611396614,0.1459891448512145,False,False,False,True
musica_estres,Fp2,41,82.0,86.0,331.70145883646194,54.20323177995819,3109.7225126934313,559.5841797272676,0.17994666001327356,514.5228651313226,0.16545619843285558,427.6928727490304,0.13753409540666436,218.11713143551256,0.07014038408417163,False,False,False,True
musica_estres,Fp2,42,84.0,88.0,291.98186226086546,52.59995269572325,2340.529696600421,556.2940881592905,0.23767871391134152,462.4970948090929,0.19760360036484986,301.83167924400163,0.12895870523771047,149.89863164403886,0.06404474673479428,False,False,False,True
musica_estres,Fp2,43,86.0,90.0,859.6995808132058,129.81759675831654,5082.366068387499,493.11689939983256,0.09702506524806184,268.09396665897316,0.05274983404413298,232.92336578532232,0.045829710542519574,109.56061215904695,0.02155700921279912,False,False,False,True
musica_estres,Fp2,44,88.0,92.0,859.6995808132058,182.77790449011928,32901.812487761796,1091.1617259513982,0.03316418286552658,406.84720579313046,0.01236549524268494,387.5190758086589,0.011778046451173503,164.7180217327482,0.005006350996438782,False,False,False,True
musica_estres,Fp2,45,90.0,94.0,736.9639266118961,142.48910350525864,9166.102253396713,683.0303772902009,0.0745169929821684,542.6676159350459,0.05920374887089523,334.5833669528081,0.03650225119721094,156.19849666154855,0.017040885246906945,False,False,False,True
musica_estres,Fp2,46,92.0,96.0,594.2221249528388,89.72085606550635,6342.106659819015,762.6567982362792,0.12025291265884248,653.8561422990772,0.10309762628901235,282.0414120347667,0.044471250195406736,159.13128056903554,0.02509123373424576,False,False,False,True
