channel,sample,time_s,amplitude_abs_uv,signed_amplitude_uv
Fp1,141,0.141,904.8864357745505,-904.8864357745505
Fp1,463,0.463,775.1112757557421,-775.1112757557421
Fp1,790,0.79,641.8659286409428,-641.8659286409428
Fp1,1142,1.142,1310.8508634193538,1310.8508634193538
Fp1,1473,1.473,889.1427855449657,-889.1427855449657
Fp1,1801,1.801,830.5697832462603,830.5697832462603
Fp1,2138,2.138,794.8219545972909,794.8219545972909
Fp1,2558,2.558,1605.6212230023139,-1605.6212230023139
Fp1,3062,3.062,1591.8104091985574,1591.8104091985574
Fp1,3330,3.33,1264.9221138285375,-1264.9221138285375
Fp1,3777,3.777,1239.1862999593382,1239.1862999593382
Fp1,4078,4.078,1797.2085660292423,-1797.2085660292423
Fp1,4339,4.339,1343.767035167423,-1343.767035167423
Fp1,4620,4.62,1274.1014228252295,1274.1014228252295
Fp1,5074,5.074,1672.8592864639788,-1672.8592864639788
Fp1,5466,5.466,1605.5206966456908,1605.5206966456908
Fp1,5739,5.739,980.0549208618022,-980.0549208618022
Fp1,6227,6.227,1381.2258227202053,1381.2258227202053
Fp1,6700,6.7,1177.03539591014,-1177.03539591014
Fp1,7109,7.109,1364.3480516089119,1364.3480516089119
Fp1,7476,7.476,1532.3298717103062,-1532.3298717103062
Fp1,7872,7.872,1367.2835095793623,1367.2835095793623
Fp1,8183,8.183,637.9530718978117,-637.9530718978117
Fp1,8438,8.438,1393.494668744057,-1393.494668744057
Fp1,8696,8.696,831.0717620169067,831.0717620169067
Fp1,9100,9.1,603.8263386532958,-603.8263386532958
Fp1,9502,9.502,1309.6186574142505,1309.6186574142505
Fp1,9788,9.788,447.34162464797777,-447.34162464797777
Fp1,10054,10.054,1058.381099099187,-1058.381099099187
Fp1,10512,10.512,483.16122553043976,-483.16122553043976
Fp1,10790,10.79,661.6843294340894,661.6843294340894
Fp1,11156,11.156,1387.0046616544523,1387.0046616544523
Fp1,11521,11.521,1079.1858156055523,-1079.1858156055523
Fp1,11777,11.777,866.540606758234,866.540606758234
Fp1,12100,12.1,601.2515049296778,601.2515049296778
Fp1,12506,12.506,672.2681597320152,-672.2681597320152
Fp1,12759,12.759,1412.7794089596807,1412.7794089596807
Fp1,13028,13.028,1141.0804035083602,-1141.0804035083602
Fp1,13335,13.335,1163.3763196197835,-1163.3763196197835
Fp1,13600,13.6,615.3396739890576,615.3396739890576
Fp1,13861,13.861,401.6759072645363,-401.6759072645363
Fp1,14139,14.139,630.8718584785934,630.8718584785934
Fp1,14521,14.521,1465.1047719936214,-1465.1047719936214
Fp1,14798,14.798,548.0081089017899,548.0081089017899
Fp1,15125,15.125,355.61333550350906,355.61333550350906
Fp1,15615,15.615,428.88188520269586,428.88188520269586
Fp1,16069,16.069,922.3316750737288,-922.3316750737288
Fp1,16394,16.394,587.2976987767156,587.2976987767156
Fp1,16703,16.703,510.0321599166238,-510.0321599166238
Fp1,17037,17.037,849.35551709716,-849.35551709716
Fp1,17360,17.36,1294.6373973600203,1294.6373973600203
Fp1,17854,17.854,1354.2801450373809,-1354.2801450373809
Fp1,18106,18.106,752.9624965953811,752.9624965953811
Fp1,18380,18.38,572.4641914088932,-572.4641914088932
Fp1,18656,18.656,1187.2174878092817,1187.2174878092817
Fp1,18956,18.956,1234.9211432017642,-1234.9211432017642
Fp1,19246,19.246,1639.989576748646,1639.989576748646
Fp1,19563,19.563,1228.7780986735015,-1228.7780986735015
Fp1,19867,19.867,723.6893629423046,723.6893629423046
Fp1,20236,20.236,497.0365087362658,497.0365087362658
Fp1,20511,20.511,1362.8771631004324,1362.8771631004324
Fp1,20855,20.855,518.4600942378951,518.4600942378951
Fp1,21232,21.232,783.8356458166096,-783.8356458166096
Fp1,21562,21.562,1185.1768584607605,1185.1768584607605
Fp1,21823,21.823,1729.128924057741,-1729.128924057741
Fp1,22213,22.213,1054.5499072049186,1054.5499072049186
Fp1,22712,22.712,1428.5711268786429,-1428.5711268786429
Fp1,22999,22.999,702.8042296781351,702.8042296781351
Fp1,23318,23.318,820.7895374870504,820.7895374870504
Fp1,23658,23.658,1445.1521794829855,1445.1521794829855
Fp1,23911,23.911,103.61312941692745,103.61312941692745
Fp1,24179,24.179,642.1728127743398,-642.1728127743398
Fp1,24452,24.452,904.4343500710011,904.4343500710011
Fp1,24749,24.749,1444.825989502944,-1444.825989502944
Fp1,25011,25.011,757.7536355920645,757.7536355920645
Fp1,25486,25.486,896.5840475071171,896.5840475071171
Fp1,25957,25.957,613.7389342416524,-613.7389342416524
Fp1,26313,26.313,1169.6941850515395,-1169.6941850515395
Fp1,26723,26.723,520.2730560753747,520.2730560753747
Fp1,27029,27.029,874.5864051239387,874.5864051239387
Fp1,27337,27.337,529.7877749553967,-529.7877749553967
Fp1,27665,27.665,1006.1259951843314,-1006.1259951843314
Fp1,27944,27.944,832.3147883821281,832.3147883821281
Fp1,28210,28.21,216.15006442263856,-216.15006442263856
Fp1,28507,28.507,772.3449007364404,-772.3449007364404
Fp1,28827,28.827,590.5553738904829,590.5553738904829
Fp1,29236,29.236,1396.4939762618142,-1396.4939762618142
Fp1,29643,29.643,858.7447412224088,858.7447412224088
Fp1,29992,29.992,564.708572848404,-564.708572848404
Fp1,30270,30.27,1040.7839048024948,-1040.7839048024948
Fp1,30690,30.69,819.0208958330317,819.0208958330317
Fp1,30954,30.954,1072.7393653944885,-1072.7393653944885
Fp2,16,0.016,536.5806894531237,-536.5806894531237
Fp2,468,0.468,1373.9158240311115,1373.9158240311115
Fp2,824,0.824,383.79984860192667,383.79984860192667
Fp2,1125,1.125,1544.2763749051685,-1544.2763749051685
Fp2,1388,1.388,1529.7440136221362,1529.7440136221362
Fp2,1790,1.79,1025.635033423661,-1025.635033423661
Fp2,2190,2.19,623.1038374798007,-623.1038374798007
Fp2,2552,2.552,1422.5870853502543,1422.5870853502543
Fp2,2810,2.81,146.11233941425604,146.11233941425604
Fp2,3072,3.072,1660.1692299340277,-1660.1692299340277
Fp2,3408,3.408,1200.6756284630687,1200.6756284630687
Fp2,3680,3.68,1346.642286004599,-1346.642286004599
Fp2,4101,4.101,2021.635390397223,2021.635390397223
Fp2,4516,4.516,1213.9518236373551,-1213.9518236373551
Fp2,4804,4.804,992.1686883312485,992.1686883312485
Fp2,5058,5.058,1442.7344002295429,1442.7344002295429
Fp2,5540,5.54,1417.442055456314,-1417.442055456314
Fp2,5810,5.81,925.3615334868075,925.3615334868075
Fp2,6336,6.336,1024.2211075303223,1024.2211075303223
Fp2,6645,6.645,586.7022806245124,-586.7022806245124
Fp2,7124,7.124,1320.0309215265304,-1320.0309215265304
Fp2,7477,7.477,1339.5036801566448,1339.5036801566448
Fp2,7781,7.781,513.98135786414,-513.98135786414
Fp2,8087,8.087,1140.9722388013072,-1140.9722388013072
Fp2,8379,8.379,1349.0645206767617,1349.0645206767617
Fp2,8714,8.714,597.708623857324,-597.708623857324
Fp2,8996,8.996,359.59673780816365,359.59673780816365
Fp2,9405,9.405,1171.7164234694842,1171.7164234694842
Fp2,9741,9.741,497.63364857392855,497.63364857392855
Fp2,10013,10.013,852.6041886875415,852.6041886875415
Fp2,10324,10.324,783.6577751721452,783.6577751721452
Fp2,10582,10.582,303.9249620550026,303.9249620550026
Fp2,10833,10.833,1103.6933130147816,-1103.6933130147816
Fp2,11121,11.121,604.7863196207592,-604.7863196207592
Fp2,11504,11.504,983.2247299020011,983.2247299020011
Fp2,11834,11.834,757.0485114788424,757.0485114788424
Fp2,12104,12.104,345.7335429127652,345.7335429127652
Fp2,12411,12.411,632.025225315882,632.025225315882
Fp2,12729,12.729,982.4010070408111,-982.4010070408111
Fp2,13016,13.016,1428.0876584922926,1428.0876584922926
Fp2,13314,13.314,1324.5923554022033,1324.5923554022033
Fp2,13620,13.62,781.2836546324635,-781.2836546324635
Fp2,14108,14.108,865.6328880019392,865.6328880019392
Fp2,14513,14.513,853.1328221983028,853.1328221983028
Fp2,14782,14.782,588.0469001869125,588.0469001869125
Fp2,15087,15.087,536.2761606542838,536.2761606542838
Fp2,15537,15.537,736.5054476979508,736.5054476979508
Fp2,15800,15.8,838.0581664762395,-838.0581664762395
Fp2,16079,16.079,933.3351008460588,933.3351008460588
Fp2,16486,16.486,725.3510110370465,-725.3510110370465
Fp2,16784,16.784,382.8922888017685,382.8922888017685
Fp2,17135,17.135,692.4227815204964,692.4227815204964
Fp2,17491,17.491,1113.2674633144397,-1113.2674633144397
Fp2,17839,17.839,1482.1557488754781,1482.1557488754781
Fp2,18090,18.09,715.8185779014111,-715.8185779014111
Fp2,18361,18.361,647.9041159536223,647.9041159536223
Fp2,18679,18.679,1552.1016495312529,-1552.1016495312529
Fp2,18939,18.939,1492.125038719147,1492.125038719147
Fp2,19245,19.245,1634.8988469077083,-1634.8988469077083
Fp2,19524,19.524,912.1496005838712,912.1496005838712
Fp2,20029,20.029,515.9409863144722,515.9409863144722
Fp2,20346,20.346,768.749048725662,768.749048725662
Fp2,20623,20.623,780.2066855995366,780.2066855995366
Fp2,21089,21.089,552.7513904978217,552.7513904978217
Fp2,21489,21.489,788.5794402879691,-788.5794402879691
Fp2,21867,21.867,1443.2258420794187,1443.2258420794187
Fp2,22185,22.185,977.6550545096037,-977.6550545096037
Fp2,22455,22.455,223.44258334242738,223.44258334242738
Fp2,22788,22.788,1011.6851974454976,1011.6851974454976
Fp2,23218,23.218,897.3408301380883,-897.3408301380883
Fp2,23723,23.723,1405.637066821168,1405.637066821168
Fp2,24011,24.011,865.1519643977442,-865.1519643977442
Fp2,24324,24.324,776.4116023027392,-776.4116023027392
Fp2,24744,24.744,1322.7978639431703,1322.7978639431703
Fp2,25004,25.004,980.2746349286762,-980.2746349286762
Fp2,25349,25.349,1404.5531096214747,1404.5531096214747
Fp2,25680,25.68,353.80076193948383,-353.80076193948383
Fp2,25973,25.973,160.45270650475493,-160.45270650475493
Fp2,26286,26.286,1177.2741671950685,1177.2741671950685
Fp2,26581,26.581,768.7401886054563,-768.7401886054563
Fp2,26982,26.982,1121.9458639678808,1121.9458639678808
Fp2,27331,27.331,476.91803353288896,-476.91803353288896
Fp2,27619,27.619,1441.2004020750453,1441.2004020750453
Fp2,27894,27.894,880.3680996028418,-880.3680996028418
Fp2,28263,28.263,554.6946288380537,554.6946288380537
Fp2,28534,28.534,756.750747221046,756.750747221046
Fp2,28910,28.91,1090.3417422237437,-1090.3417422237437
Fp2,29237,29.237,1427.1876366339923,1427.1876366339923
Fp2,29489,29.489,636.2831818104756,-636.2831818104756
Fp2,29857,29.857,615.6548612892288,-615.6548612892288
Fp2,30124,30.124,351.85718573396184,351.85718573396184
Fp2,30382,30.382,983.2942074202865,983.2942074202865
Fp2,30632,30.632,606.4239363348561,-606.4239363348561
Fp2,30918,30.918,1000.4060509786226,1000.4060509786226
