condition,channel,epoch,start_s,end_s,total_0p5_45,delta_abs,delta_rel,theta_abs,theta_rel,alpha_abs,alpha_rel,beta_abs,beta_rel,gamma_abs,gamma_rel
basal_ojos_cerrados,Fp1,0,0.0,2.0,18479.393654758027,4054.754689277461,0.21942033191297122,2118.745595991826,0.11465449762992072,6240.553402230939,0.3377033640183393,4665.708668861038,0.2524816969662705,1399.63129839676,0.07574010947249811
basal_ojos_cerrados,Fp1,1,2.0,4.0,13994.945209133239,2568.1777049515945,0.18350752122098887,2145.1928975879655,0.15328340808279775,3240.7153011033115,0.23156327178675834,3746.3634242154294,0.26769404011460624,2294.4958812749373,0.16395175879484877
basal_ojos_cerrados,Fp1,2,4.0,6.0,14489.170996749313,2516.5506402536566,0.17368492930466842,1496.3701639050305,0.10327507103344596,2020.6869401428353,0.13946187401585516,6198.33133819082,0.42779061269836854,2257.231914256969,0.15578751294766177
basal_ojos_cerrados,Fp1,3,6.0,8.0,17679.12155978312,5596.615295585208,0.3165663676591556,2646.8206498244795,0.1497144889735658,2976.458150355852,0.16836007039664055,4711.065038678887,0.2664761946880736,1748.162425338695,0.09888287828256442
basal_ojos_cerrados,Fp1,4,8.0,10.0,19451.141090765675,3349.7579985023435,0.1722139581874003,4178.435867304938,0.2148170047097457,2694.933643867626,0.1385488713125952,5874.245467676274,0.3020000441241486,3353.7681134144946,0.17242012166611026
basal_ojos_cerrados,Fp1,5,10.0,12.0,21813.546440769078,6484.395290710579,0.2972646061161047,2848.594098914132,0.1305883069792891,4778.05359720788,0.2190406594444356,5388.619674899273,0.24703088466293827,2313.8837790372136,0.10607554279723225
basal_ojos_cerrados,Fp1,6,12.0,14.0,15446.60164398121,1504.0123663098152,0.09736849573613855,4408.476480233335,0.28540105984743275,2054.2972233806913,0.13299347459906505,4752.039600174539,0.30764304729941544,2727.77597388283,0.17659392251794825
basal_ojos_cerrados,Fp1,7,14.0,16.0,28726.036283312143,16917.54083914003,0.5889270859470425,1345.5172754020675,0.04683964268971284,2540.3764482109823,0.08843463202358923,5321.603454993009,0.1852536633494575,2600.9982655660538,0.09054497599019797
basal_ojos_cerrados,Fp1,8,16.0,18.0,17677.66228094416,2506.5733105997374,0.141793256979557,5346.698293723312,0.30245505365756686,4034.625749158327,0.22823299172920042,3588.216982097172,0.20298028806473647,2201.5479453656117,0.12453840956893919
basal_ojos_cerrados,Fp1,9,18.0,20.0,23751.77229444489,9868.069396775132,0.4154666554749304,4406.7833377039715,0.18553492695509877,2639.4186464624995,0.11112512421145987,5223.829600162274,0.21993430786569274,1613.6713133410133,0.06793898549281822
basal_ojos_cerrados,Fp1,10,20.0,22.0,32170.706684313634,18328.498032973355,0.5697263107344264,4207.559613137268,0.13078853549676187,2142.4939879074677,0.06659766628478021,5930.423439003855,0.1843423427778015,1561.7316112916837,0.04854514470622993
basal_ojos_cerrados,Fp1,11,22.0,24.0,12384.274995137805,1403.7543369480313,0.11334973888250705,1651.3521210002773,0.13334265604152162,2614.615196404402,0.2111237999342656,5046.680058603089,0.4075071056306863,1667.873282182006,0.13467669951101946
basal_ojos_cerrados,Fp1,12,24.0,26.0,18408.878456153823,6181.662383950252,0.3357978813686942,2967.9109970883273,0.16122171723591328,2778.2916391675217,0.15092128756158846,4686.878880530305,0.25459882804340794,1794.1345554174163,0.09746028579039605
basal_ojos_cerrados,Fp1,13,26.0,28.0,14145.373193671277,4438.458230523712,0.313774558631617,2647.1544101670606,0.18713924149780742,2541.375104473924,0.17966122700890988,2705.338214418324,0.19125251609683283,1813.0472340882561,0.12817245676483277
basal_ojos_cerrados,Fp1,14,28.0,30.0,12524.890664209122,4691.036505812742,0.3745371222455262,650.5859259972183,0.05194344153888063,1870.3197090061367,0.14932822642122737,4156.959553364342,0.3318958755658592,1155.9889700286801,0.09229533422850637
basal_ojos_cerrados,Fp1,15,30.0,32.0,191117.31258706615,180974.85418559407,0.9469307188125538,2679.5117777257374,0.014020246211368468,1976.992801135597,0.010344394102103912,4486.184937206751,0.02347346180458145,999.7688854039967,0.00523117906939246
basal_ojos_cerrados,Fp1,16,32.0,34.0,22190.280477649183,9947.26190838232,0.44827112115151246,4864.318968879068,0.21920944053765243,1703.1950853600752,0.0767541035398625,3923.823603854546,0.1768262283934066,1751.6809111731725,0.07893910637756589
basal_ojos_cerrados,Fp1,17,34.0,36.0,25287.98078010217,12366.055030648919,0.4890091912905573,2979.612019393059,0.11782720199382486,3689.742918085663,0.14590895770487672,4373.377515388216,0.17294293100813352,1879.1932965863132,0.0743117180026076
basal_ojos_cerrados,Fp1,18,36.0,38.0,29802.892415045393,20031.673285765428,0.6721385631568042,2418.3730873700724,0.08114558324376614,2322.7833267942406,0.0779381844703647,3652.345519265946,0.12255003535905572,1377.7171958497006,0.0462276337700091
basal_ojos_cerrados,Fp1,19,38.0,40.0,35396.42004115937,28534.524653271616,0.8061415425653594,986.9414918060363,0.027882522883907728,1815.6284747009665,0.0512941272758582,3284.1163062107858,0.09278102990053731,775.2091151699642,0.02190077737433735
basal_ojos_cerrados,Fp1,20,40.0,42.0,71115.37909717498,60608.658758344754,0.8522581124896569,2735.3919869640167,0.038464141254541645,3097.4251085917167,0.04355492648586275,3573.349139926109,0.05024720651553214,1100.5541033483817,0.015475613254406466
basal_ojos_cerrados,Fp1,21,42.0,44.0,19464.21772546736,5628.979951666579,0.2891963104328366,2015.654307805082,0.10355691331831748,3624.2856320185742,0.18620248104173684,6342.959374167534,0.32587795017666105,1852.3384598095886,0.095166345030448
basal_ojos_cerrados,Fp1,22,44.0,46.0,14493.71672850372,7295.619353576061,0.5033642846922975,1024.8473678307591,0.07070976941444342,1855.2253480721392,0.1280020427350843,2448.0974142424548,0.16890749695886928,1869.927244782305,0.1290164061993055
basal_ojos_cerrados,Fp1,23,46.0,48.0,43958.6393596798,34068.58427797265,0.7750145312555191,2102.806371687908,0.04783602045737261,2330.5430495367827,0.05301672398155316,4385.99601115706,0.09977551796519045,1070.7096493254076,0.024357206340364916
basal_ojos_cerrados,Fp1,24,48.0,50.0,10350.603162198882,3221.4691371387084,0.31123491903387196,1658.169064403426,0.16020023552435805,1380.9595596867648,0.1334182692589476,2950.929760049406,0.2850973719895286,1139.0756409205749,0.11004920419329356
basal_ojos_cerrados,Fp1,25,50.0,52.0,16295.009234165196,3423.4590018191357,0.2100924861485371,3326.69326418421,0.2041541196067103,4297.539377911272,0.26373347300109323,3187.637125710873,0.19562045531262798,2059.6804645397065,0.12639946593103144
basal_ojos_cerrados,Fp1,26,52.0,54.0,9549.784194380514,961.0255119756296,0.10063321771618007,2424.314291052805,0.2538606361889697,2751.3083525737006,0.28810162581398263,1668.2804248176396,0.17469299733488475,1744.8556139607388,0.18271152294598275
basal_ojos_cerrados,Fp1,27,54.0,56.0,21856.793300630674,12579.037301460974,0.5755207147014566,2417.737439108603,0.11061720746743027,2259.1024092140256,0.10335927956773236,2854.288942777853,0.1305904715077986,1746.627208069218,0.07991232675558219
basal_ojos_cerrados,Fp1,28,56.0,58.0,11481.584580483572,3637.054996762548,0.3167729132915002,1612.5180380485126,0.1404438583145984,1104.4178305097482,0.09619036664913314,3603.942129413242,0.3138889152581981,1523.6515857495226,0.1327039464865703
basal_ojos_cerrados,Fp1,29,58.0,60.0,10795.24495858513,2736.3527302098373,0.25347759506223144,915.1927770237378,0.08477739787608181,2461.898423891398,0.22805396573549033,3174.265662959744,0.29404294901482037,1507.535364500414,0.13964809231137612
basal_ojos_cerrados,Fp2,0,0.0,2.0,28136.558981270384,13414.78307581367,0.4767741174300477,1223.5795530984603,0.04348717815540125,3539.4900315485156,0.12579683371746495,7482.760848043869,0.26594441960813,2475.945472765865,0.08799745108895596
basal_ojos_cerrados,Fp2,1,2.0,4.0,12486.67855578057,1945.476752936163,0.15580418317371722,2155.9057310720946,0.17265646115908395,2613.310623988526,0.20928789127663758,3735.4829793171484,0.29915745509344016,2036.5024684666412,0.16309400929712126
basal_ojos_cerrados,Fp2,2,4.0,6.0,23587.974875387295,13271.304182030755,0.5626300796122435,955.1106613598206,0.040491422701845595,4299.956819290755,0.18229444630185335,3714.8197165904944,0.157487861345261,1346.783496115473,0.057096190038796624
basal_ojos_cerrados,Fp2,3,6.0,8.0,17859.551779490637,6014.942082136177,0.33679132356745667,2216.3976271912024,0.12410152587011986,2225.681026868777,0.12462132613118997,4960.095391886243,0.2777278765518777,2442.435651408235,0.13675794787935572
basal_ojos_cerrados,Fp2,4,8.0,10.0,18837.41756928273,5142.999865363696,0.27302043108871454,5266.572678674262,0.2795803967982431,3983.608720886427,0.211473186610372,3328.1329052611377,0.1766767070390882,1116.1033990972098,0.059249278463582286
basal_ojos_cerrados,Fp2,5,10.0,12.0,18795.86073632774,7617.162158460314,0.40525742690454325,1055.8083864165537,0.05617238823098629,2356.104216792229,0.12535229164783412,6519.8693292926555,0.3468779334319797,1246.9166453659866,0.06633995978465651
basal_ojos_cerrados,Fp2,6,12.0,14.0,18708.073727809755,3840.4533674665636,0.20528320677706588,3636.487731923094,0.1943806607153475,3633.8071479068108,0.19423737583977538,6178.734342839046,0.3302710066645873,1418.5911376742395,0.07582775000322392
basal_ojos_cerrados,Fp2,7,14.0,16.0,28666.747694633745,18786.992516467588,0.6553583516550923,1452.5776227723095,0.050671169197342325,2597.972131535382,0.09062667865952954,3739.7380184112044,0.1304556086462247,2089.4674054472616,0.07288819184181114
basal_ojos_cerrados,Fp2,8,16.0,18.0,21249.74151842308,5451.011070184351,0.25652128829230414,6848.440057709533,0.3222834523315062,3230.1414146468583,0.1520085038138649,3586.8191816189064,0.1687935440771931,2133.3297942634317,0.10039321148513168
basal_ojos_cerrados,Fp2,9,18.0,20.0,28620.71241387506,16862.498227734777,0.5891711563252351,3651.4634958435245,0.12758115322361188,2313.0939628751016,0.08081888142496882,4658.430114890398,0.16276429627349295,1135.2266125312572,0.03966451275269129
basal_ojos_cerrados,Fp2,10,20.0,22.0,12788.208865710263,1829.2239918349867,0.143039890186638,2915.6862299875947,0.22799801446827997,2248.3401513960675,0.17581353065202643,4046.300248936968,0.31640867704206316,1748.6582435546434,0.13673988765099218
basal_ojos_cerrados,Fp2,11,22.0,24.0,18787.2006235121,8460.39266262175,0.45032747731631745,3206.1221872304573,0.1706545989197565,2070.957139992775,0.1102323428324378,3442.3865743863653,0.1832304153966522,1607.3420592807568,0.08555516553483626
basal_ojos_cerrados,Fp2,12,24.0,26.0,14765.2950584001,3584.2766140663225,0.24275008388858424,2965.027291899586,0.20081056830711672,3165.3871360729186,0.21438021546830544,3624.008669958973,0.2454409922473743,1426.595346402298,0.09661814008861923
basal_ojos_cerrados,Fp2,13,26.0,28.0,12919.372099842712,1754.508228974606,0.13580445051164416,3123.024682931409,0.24173192464743937,1996.3597457709475,0.15452451793653751,4436.774061895992,0.3434202550718396,1608.7053802697578,0.12451885183253937
basal_ojos_cerrados,Fp2,14,28.0,30.0,15811.323872036866,3604.628878166889,0.2279776764640094,3436.114544974879,0.21731985080969868,1545.317217149221,0.09773484052668059,6095.19564108417,0.3854955910342103,1130.0675906617075,0.07147204116540107
basal_ojos_cerrados,Fp2,15,30.0,32.0,128510.64397210536,118681.8292681641,0.9235175048529466,3427.622444493255,0.026671895327497214,1433.9077643639948,0.011157891051228722,3744.5665528662626,0.029138182154616405,1222.7179422177544,0.009514526613711147
basal_ojos_cerrados,Fp2,16,32.0,34.0,54701.537618420865,44388.57876027346,0.8114685746114294,3576.1254883744487,0.06537522790164092,2174.947107942893,0.03976025542672268,3859.827301172693,0.07056158691730975,702.0589606573743,0.01283435514289738
basal_ojos_cerrados,Fp2,17,34.0,36.0,38278.482042097974,24115.28211348073,0.629995779011278,5310.531739543001,0.13873412570808255,1662.4223933760018,0.04342968437326485,5644.677427369181,0.14746346057195445,1545.568368329062,0.04037695033542015
basal_ojos_cerrados,Fp2,18,36.0,38.0,19546.13566942417,11078.682726360195,0.566796573692593,3380.986929115979,0.17297469874850116,2173.1777107044645,0.11118196187003579,2064.909607028673,0.1056428565703036,848.3786962148579,0.043403909118566515
basal_ojos_cerrados,Fp2,19,38.0,40.0,29090.18782667263,19732.21147212042,0.6783115870440708,3806.517115561246,0.13085227012769823,1224.5267579347505,0.04209415096357641,3138.302268303287,0.10788181523619435,1188.6302127529254,0.040860176628460164
basal_ojos_cerrados,Fp2,20,40.0,42.0,51852.885710134295,44170.81411010183,0.8518487159427067,2481.021133470139,0.04784731070396802,1046.322379904396,0.02017867213318659,2888.5018492368577,0.05570571067893951,1266.2262374210761,0.024419590541199153
basal_ojos_cerrados,Fp2,21,42.0,44.0,12552.787242401126,6234.461787270807,0.496659559895342,1153.8632310213418,0.09192087850607338,1917.3961070080086,0.15274664263657547,2714.8005688459016,0.21627073863530313,532.2655482550653,0.042402180326705854
basal_ojos_cerrados,Fp2,22,44.0,46.0,13900.411378050303,5341.144046608075,0.3842435954839513,1838.718050951783,0.1322779593311349,1639.9859839093513,0.11798111144386711,4230.475354246665,0.3043417377507887,850.0879423344302,0.06115559599025803
basal_ojos_cerrados,Fp2,23,46.0,48.0,48632.69222961775,40124.74630441186,0.8250570648025018,1364.3978674696796,0.028055158061735863,4169.590267385702,0.08573636531778069,2408.7507317219815,0.04952945480273104,565.2070586285136,0.011621957015250275
basal_ojos_cerrados,Fp2,24,48.0,50.0,20715.54241013118,8188.926429977322,0.3953035005239559,6916.735474907232,0.3338911112230651,1775.8140671786625,0.08572375427206674,2425.1760266425217,0.11707036092168462,1408.8904114254435,0.0680112730592277
basal_ojos_cerrados,Fp2,25,50.0,52.0,13229.69382332183,4540.089437480791,0.34317418816430517,1738.263787566787,0.13139108212032138,2230.3912264509936,0.16858978418073223,4060.546325415368,0.30692670440016345,660.4030464078895,0.049918241134477716
basal_ojos_cerrados,Fp2,26,52.0,54.0,12507.823250673591,3037.120701313589,0.24281768621490787,2748.967495833679,0.2197798482390321,2297.024162470562,0.18364699567903303,2817.818397739739,0.22528447526534956,1606.8924933160242,0.12847099460167757
basal_ojos_cerrados,Fp2,27,54.0,56.0,25828.729034135707,15080.953803231416,0.5838829228995418,2116.9284736212226,0.08196022618160778,3201.8212772902184,0.12396356294026835,4008.4074745134503,0.15519182028724168,1420.6180054794056,0.05500146769134059
basal_ojos_cerrados,Fp2,28,56.0,58.0,14540.43406036911,6752.871772736228,0.4644202328967342,1605.8027530321651,0.11043705754348035,1473.5230588143963,0.10133968853313521,3435.2218122886397,0.2362530443057101,1273.0146634976809,0.08754997672094014
basal_ojos_cerrados,Fp2,29,58.0,60.0,11461.10680640844,3790.9079818990813,0.3307628177567814,2125.612176605109,0.18546308070496126,1254.073475480328,0.1094199274697551,2507.5585752090333,0.21878851820898662,1782.9545972148858,0.15556565585951548
ojos_abiertos,Fp1,0,0.0,2.0,28595.88836627331,3730.059343012538,0.13044040790884684,3126.5354481059658,0.1093351396557233,3169.1497718585947,0.11082536521566393,13369.005197843131,0.46751494573642494,5201.138605453085,0.1818841414833412
ojos_abiertos,Fp1,1,2.0,4.0,22902.465890520518,3874.584920450302,0.16917763087048274,950.5862587790153,0.04150584759401254,2872.3551734180255,0.12541685192977026,10687.177534242075,0.46663872725886557,4517.762003631103,0.19726094234686906
ojos_abiertos,Fp1,2,4.0,6.0,18582.37032857224,3914.858936264355,0.21067597228136556,3301.2804665558197,0.17765658568755208,2873.8464677475727,0.1546544610258223,6722.810588444424,0.36178434018761507,1769.5738695600714,0.0952286408176451
ojos_abiertos,Fp1,3,6.0,8.0,15186.47534789825,2576.5141542781494,0.16965846881875254,1280.4652085201333,0.08431615494620645,1216.8218836977387,0.08012536522282257,8594.267181733698,0.5659158550521146,1518.406919668534,0.09998415596010406
ojos_abiertos,Fp1,4,8.0,10.0,29910.699810279093,8749.147836057004,0.2925089647367688,3323.513229515432,0.11111452592537724,6877.413429054965,0.22993154532250284,7297.214253015904,0.2439666841398391,3663.411062635789,0.12247827987551209
ojos_abiertos,Fp1,5,10.0,12.0,22870.545656119924,4232.384862145494,0.18505832461469718,1295.173738166306,0.05663064439477992,2495.9788693990176,0.10913508173037922,12533.377313280114,0.548013917189873,2313.630873128991,0.10116203207027057
ojos_abiertos,Fp1,6,12.0,14.0,55124.57220548159,20876.27044291998,0.37871079280401276,4774.576399939584,0.08661430300342177,8553.462306720157,0.15516605325908725,13784.861170287766,0.2500674493926866,7135.401885614114,0.1294414015407918
ojos_abiertos,Fp1,7,14.0,16.0,28213.15641594055,8746.541758364949,0.3100164203330017,2766.9929922223478,0.09807456320835428,2706.296953151699,0.09592322508170799,11208.946757203583,0.3972950276088386,2784.3779549979695,0.09869076376809736
ojos_abiertos,Fp1,8,16.0,18.0,21652.482750214403,4684.654915078176,0.21635647833649876,3953.6954827557593,0.18259778928661702,1942.9240121468406,0.08973215841160763,8771.666230279523,0.40511133672154365,2299.5421099541036,0.10620223724373287
ojos_abiertos,Fp1,9,18.0,20.0,25570.311830882485,6926.919198034751,0.27089693875648324,4409.6243742318975,0.1724509424600049,1948.0165073188157,0.07618274349576383,9517.918100146395,0.3722253433237819,2767.8336511506204,0.10824403196396595
ojos_abiertos,Fp1,10,20.0,22.0,35791.714891845324,12157.454571235681,0.3396723126559549,5221.1100752544835,0.1458748230150896,3110.8499609355354,0.08691536491994972,10589.269424531523,0.2958581184648448,4713.030859888108,0.1316793809441612
ojos_abiertos,Fp1,11,22.0,24.0,20539.092874476344,6059.12796864863,0.29500465311095736,2603.16112643346,0.12674177688092417,2904.086200941313,0.14139310916453288,5737.270111332024,0.27933415299278636,3235.4474671209177,0.15752630785079924
ojos_abiertos,Fp1,12,24.0,26.0,35214.91443280998,15105.938321359043,0.42896422054868705,3058.905160073392,0.08686391006031777,1905.6005942140096,0.05411345235127274,11098.646349538702,0.31516891431654354,4045.8240076248308,0.11488950272317881
ojos_abiertos,Fp1,13,26.0,28.0,17459.18448608409,3679.7856851927936,0.21076503820243042,1941.9130471568997,0.11122587361996827,714.867634285313,0.04094507592007524,7377.767253493508,0.4225722718821137,3744.8508659555773,0.21449174037541244
ojos_abiertos,Fp1,14,28.0,30.0,27249.97813251955,6752.983415684609,0.24781610402929977,1086.5753630427832,0.03987435724750498,1335.0061576766916,0.04899109097205195,14453.525239011427,0.5304050215645089,3621.8879571040397,0.13291342618663443
ojos_abiertos,Fp1,15,30.0,32.0,25524.779730434013,5885.097319827461,0.2305640785926341,1049.7021984879034,0.04112482887506801,1364.4873955110263,0.05345736221512244,11647.524695732984,0.45632224131772886,5577.968120874636,0.21853148899944652
ojos_abiertos,Fp1,16,32.0,34.0,28838.836353084378,4837.505670484027,0.16774274839860676,2867.3350223718626,0.09942616918609459,4557.595818701044,0.158036744718155,12795.903615080639,0.443703881058713,3780.4962264468077,0.13109045663843075
ojos_abiertos,Fp1,17,34.0,36.0,42016.93654653401,18103.85757747817,0.43087047903713876,3867.1337190785694,0.09203749813591706,2506.8353393195575,0.05966249673017504,12562.297855990939,0.2989817651764811,4976.812054666775,0.11844776092028808
ojos_abiertos,Fp1,18,36.0,38.0,28096.554408311767,5211.442076934935,0.18548331589702832,5032.837054549429,0.17912648581067903,1709.8596945936247,0.06085656161766936,10335.703795733642,0.367863747473464,5806.711786500133,0.20666988920115917
ojos_abiertos,Fp1,19,38.0,40.0,27802.71809413142,7264.600770274393,0.2612910272182273,974.3759922492604,0.03504606955875049,3919.4037151474345,0.1409719618735673,10238.721030675573,0.3682633113787805,5405.616585784753,0.19442762997067425
ojos_abiertos,Fp1,20,40.0,42.0,29596.3813129736,7417.685591215509,0.2506281262150099,3380.0729359442907,0.1142056152135948,2207.991934634224,0.07460344260621986,10204.367726729646,0.344784303824892,6386.263124449932,0.21577851214028343
ojos_abiertos,Fp1,21,42.0,44.0,26175.360249596837,6984.398704106156,0.2668310440622773,1240.611650522712,0.04739616336481253,1143.9607563145148,0.04370372538930518,12096.797894863612,0.46214446638035983,4709.591243789843,0.17992460080324518
ojos_abiertos,Fp1,22,44.0,46.0,31624.294230053376,5583.317148367985,0.176551517885323,1003.729353093055,0.03173918588637419,3205.5949857975825,0.10136494944292618,15401.612230380435,0.48701837006512194,6430.040512414316,0.20332597672025465
ojos_abiertos,Fp1,23,46.0,48.0,32689.56579567752,8365.612078143693,0.25591077380568517,2547.9951068552036,0.07794521110439834,2861.5020844890396,0.08753564064981893,10481.115281503939,0.3206257111830417,8433.34124468565,0.257982663257056
ojos_abiertos,Fp1,24,48.0,50.0,39187.66156133838,11124.624163237737,0.2838807859413849,730.5353356153566,0.018641973174946615,2130.2383055316955,0.05435992403367437,16518.602122128515,0.42152558902431114,8683.66163482507,0.22159172782568293
ojos_abiertos,Fp1,25,50.0,52.0,20543.551626453846,3399.9746022167815,0.16550081816615625,1188.0987932097846,0.05783317387436916,2131.6766008751274,0.10376378143544451,8831.21552373733,0.4298777389770039,4992.5861064148285,0.2430244875470265
ojos_abiertos,Fp1,26,52.0,54.0,44938.70428087156,6877.161355773162,0.1530342600176051,10125.053583608244,0.22530808899886406,6949.045913448921,0.1546338735094956,9644.417127951378,0.21461271040822116,11343.026300089867,0.2524110670658143
ojos_abiertos,Fp1,27,54.0,56.0,31973.96814998232,9626.13268363963,0.3010615585305433,2213.651614262507,0.06923293361270615,594.2561337799953,0.01858562349823082,12224.136862520669,0.38231528864919534,7315.790855779521,0.22880459570932443
ojos_abiertos,Fp1,28,56.0,58.0,28524.546229172713,6524.529491224963,0.22873385745755268,1274.492084331939,0.04468053844195728,3272.411582561827,0.1147226517214516,10844.032163951832,0.3801649315234817,6609.080907102148,0.2316980208555566
ojos_abiertos,Fp1,29,58.0,60.0,62736.78487293625,13942.197222937408,0.22223321216054015,2059.1549251442866,0.03282213025922175,3661.354345535965,0.05836056713699112,21979.08476752796,0.3503380801557368,21094.99361179063,0.33624601028751006
ojos_abiertos,Fp1,30,60.0,62.0,46977.88210178034,12350.413183237732,0.2628984669100202,3242.987946569699,0.06903222966807178,3332.738075718692,0.07094270594187535,22542.68476255048,0.4798574085079108,5509.058133703731,0.11726918897212167
ojos_abiertos,Fp2,0,0.0,2.0,31906.146081561066,8902.63229324565,0.2790256231663963,2422.96106999356,0.0759402612838226,5016.478795506439,0.15722609627257744,11859.796939251588,0.37170885223601174,3704.276983563827,0.11609916704119184
ojos_abiertos,Fp2,1,2.0,4.0,35529.37631539329,6087.442136019339,0.17133546285702525,3981.5781855144623,0.11206439849014245,7393.972418358604,0.20810870285823527,12851.497598504107,0.36171469728096883,5214.885976996773,0.14677673851362813
ojos_abiertos,Fp2,2,4.0,6.0,26301.911595628248,2631.6067302024157,0.10005382006682079,851.7525154884383,0.03238367342204936,4622.271408547443,0.1757389911277677,12159.40182864002,0.4623010682866521,6036.87911274993,0.22952244709671007
ojos_abiertos,Fp2,3,6.0,8.0,30181.469124863455,10877.9885045842,0.36041945007981496,2319.9595539411443,0.07686701877709341,4006.0689133074593,0.13273273400754587,9460.968441000565,0.31346944715844305,3516.483712030083,0.11651134997710262
ojos_abiertos,Fp2,4,8.0,10.0,25453.240722008795,3283.451628555321,0.12899935471541746,3938.9959327950096,0.15475420107857055,5129.598707504819,0.201530279131387,8540.698641738716,0.33554464576896814,4560.495811414931,0.1791715193056569
ojos_abiertos,Fp2,5,10.0,12.0,27956.712217011547,6508.097791877185,0.23279195855931276,3704.2453872114947,0.13249932103809675,1832.9137767944633,0.06556256553226393,11635.287311457452,0.41618940099749735,4276.167949670951,0.15295675387282917
ojos_abiertos,Fp2,6,12.0,14.0,28320.680287413838,5067.597765452115,0.17893630075348987,1735.1390814204428,0.06126756362528362,3285.863810046712,0.11602347742709423,12978.345818097714,0.4582639147925235,5253.733812396858,0.18550874340160894
ojos_abiertos,Fp2,7,14.0,16.0,26904.851726676778,7752.593950247874,0.2881485476673711,1496.0725049594676,0.05560604905605472,4190.588820515787,0.15575587864551294,10945.229898117504,0.4068124964712241,2520.366552836145,0.0936770281598372
ojos_abiertos,Fp2,8,16.0,18.0,23334.46773376174,4549.3317327636105,0.19496188148236002,1797.7741637011,0.0770437185117349,2141.1343117371043,0.0917584380396721,11727.843574121878,0.502597432601958,3118.383951438046,0.133638529364275
ojos_abiertos,Fp2,9,18.0,20.0,23026.62826309103,6392.542903585469,0.2776152387812662,1927.0893960574556,0.083689603794332,3515.192712430796,0.152657726188477,7663.833845586331,0.332824839052557,3527.9694054309775,0.15321259218336786
ojos_abiertos,Fp2,10,20.0,22.0,30068.769040772102,4849.496125590437,0.16128016810447762,3776.8068763361225,0.125605636573114,4484.127360772577,0.14912906327133882,12620.932207726995,0.4197355798175008,4337.40647034597,0.14424955223356875
ojos_abiertos,Fp2,11,22.0,24.0,19246.98887688876,3791.9508624784985,0.1970152779083156,1993.3851425135954,0.10356867535301564,2030.2718236827127,0.10548516636389839,8622.965875307826,0.44801635884260516,2808.4151729061277,0.1459145215321651
ojos_abiertos,Fp2,12,24.0,26.0,27999.192729167546,4475.969205323615,0.1598606520059013,4278.343460289504,0.15280238618567862,3669.143333813154,0.13104461151092062,12467.553662836224,0.44528261166074345,3108.183066905049,0.11100973863675603
ojos_abiertos,Fp2,13,26.0,28.0,21673.58931574399,6715.919216259363,0.3098664978108092,3540.752987336234,0.1633671717108796,1970.8964203410835,0.09093539568498687,6757.8008685822815,0.3117988797394681,2688.2198232250234,0.12403205505385599
ojos_abiertos,Fp2,14,28.0,30.0,26261.16389789032,3842.796058399939,0.14632999791409276,1226.2583263756264,0.04669474403890139,5501.315359282459,0.20948482636462296,12033.42680205033,0.45822138153659786,3657.367351781966,0.139269050145785
ojos_abiertos,Fp2,15,30.0,32.0,20885.99241168974,3561.890549025497,0.17053968414888118,2808.573534385603,0.13447163433869988,1378.4886011857075,0.06600062731106698,8699.809808972936,0.4165380144495176,4437.229918119997,0.2124500397518344
ojos_abiertos,Fp2,16,32.0,34.0,21016.419234155415,3734.9186883710954,0.1777143216814589,1832.2752894790679,0.0871830386073235,2959.634350364834,0.1408248625700663,9226.247030637534,0.4390018550659307,3263.343875302885,0.15527592207522067
ojos_abiertos,Fp2,17,34.0,36.0,21708.37471857135,3113.400517786967,0.1434193281693943,4212.72338967205,0.19405982457397405,1934.2497242723794,0.08910154488063278,9600.915174848547,0.4422678021415872,2847.085911991402,0.13115150023441144
ojos_abiertos,Fp2,18,36.0,38.0,24653.60925180683,4091.6125150715243,0.16596403687917036,3935.324896927317,0.1596246966005151,3017.082843721455,0.12237895120773593,7648.737085420925,0.3102481672074185,5960.851910665608,0.2417841481051601
ojos_abiertos,Fp2,19,38.0,40.0,29856.780824942536,3406.631555322826,0.11409909110083648,2222.5726952437426,0.07444113644653183,2614.550091378553,0.08756972517259269,16459.336780478516,0.551276337425108,5153.689702518906,0.17261370985493127
ojos_abiertos,Fp2,20,40.0,42.0,25520.30835169261,4100.591264708855,0.16067953443975092,2033.4751871230496,0.07968066682815693,1836.660890892741,0.07196860106789918,12737.421412705846,0.499109228508246,4812.159596262117,0.18856196915594695
ojos_abiertos,Fp2,21,42.0,44.0,26077.409595421002,3646.211833559475,0.13982262387747757,2522.5828148220444,0.09673440935885715,587.9742513019905,0.02254726448769798,11212.16496792895,0.42995700653862956,8108.475727808542,0.3109386957373377
ojos_abiertos,Fp2,22,44.0,46.0,27325.84483199322,7595.5905097090135,0.27796361124088875,1355.6078983275806,0.04960900227100861,1927.5953650835077,0.07054110776573942,12997.42668124002,0.4756459227940347,3449.6243776331016,0.12624035592832855
ojos_abiertos,Fp2,23,46.0,48.0,27664.75340720194,7052.161569651717,0.2549150345152122,1740.4547782989134,0.0629123546731424,2055.591599007489,0.07430362992038667,12924.37310172006,0.46717832295427114,3892.1723585237623,0.14069065793698768
ojos_abiertos,Fp2,24,48.0,50.0,33339.43387954844,6571.7036515995715,0.19711503426670007,1321.5955637016582,0.03964061202947932,5355.692468374518,0.16064137404744253,17164.669710407987,0.5148458660822489,2925.7724854646985,0.08775711357412906
ojos_abiertos,Fp2,25,50.0,52.0,22209.997814864062,3398.199547045236,0.15300314639252183,3777.268426028315,0.1700706347436187,825.3853565562094,0.03716278423061435,11046.664254275836,0.49737349577237894,3162.480230958466,0.1423899388608662
ojos_abiertos,Fp2,26,52.0,54.0,47235.7455040541,8265.640705852014,0.17498698533598034,1256.5570822990687,0.026601825987719877,5586.423862717262,0.11826687190186923,24779.059126140848,0.5245827891932845,7348.064727044904,0.15556152758114597
ojos_abiertos,Fp2,27,54.0,56.0,48597.86018762285,13231.731240615472,0.27226983224223106,1776.6960926268193,0.036559142434820974,1555.5323541699188,0.03200824785627269,24529.527441183265,0.5047450103046013,7504.373059027379,0.15441776716207417
ojos_abiertos,Fp2,28,56.0,58.0,40343.894485423436,2276.717244164799,0.056432758245176226,1043.042701564406,0.025853793117103886,5375.4276807579145,0.13324017795803275,21682.503327248523,0.5374419996830644,9966.203531687792,0.24703127099662278
ojos_abiertos,Fp2,29,58.0,60.0,43797.4926468545,3166.4526325295074,0.07229757781024296,1690.2465078940031,0.03859231215637626,1342.4953255036432,0.030652332916141493,27346.878926668454,0.6243937100959245,10251.419254258895,0.23406406702131483
ojos_abiertos,Fp2,30,60.0,62.0,46145.9466529842,7872.089710148796,0.1705911413920407,1861.248050172238,0.040333944477697115,2887.7380774238136,0.06257836899824586,29030.05578536796,0.6290922148303273,4494.815029871388,0.0974043303016889
parpadeo,Fp1,0,0.0,2.0,172086.84806360732,62425.79720159001,0.36275751403451806,52333.49071385898,0.30411092598148637,17731.17069121451,0.10303617557490886,34584.89977552306,0.20097352101387592,5011.489681420764,0.029121863395210775
parpadeo,Fp1,1,2.0,4.0,647203.9397479219,544601.2356154169,0.8414677386351086,59686.99440693334,0.09222285394335007,17027.247174411717,0.02630893622347791,18914.19449850936,0.029224473673439336,6974.2680526505355,0.010775997524624045
parpadeo,Fp1,2,4.0,6.0,588062.9969474183,508230.79498712794,0.8642454934680602,43261.79767598792,0.07356660408928292,13679.523374560153,0.023262003298233892,17557.39830939174,0.029856322197673726,5333.482600350626,0.00906957694674933
parpadeo,Fp1,3,6.0,8.0,410944.55805892695,327451.3081823082,0.796825999421931,45754.17139829633,0.11133903710615742,7899.335118567535,0.019222386484151515,20164.56756937588,0.04906882734893012,9675.175790378882,0.023543749638829676
parpadeo,Fp1,4,8.0,10.0,221088.88128969222,156271.79388822758,0.7068279190551651,18898.79646366364,0.08548053775214771,11634.151074460395,0.05262205411051945,29251.262481002068,0.13230544345047462,5032.877382338595,0.022764045631693385
parpadeo,Fp1,5,10.0,12.0,239410.59826552722,182125.43942969505,0.7607242150061463,31092.5699075011,0.1298713178646199,5850.172246356982,0.024435727944961867,16852.546365075075,0.0703918142603868,3489.870316899049,0.014576924923885277
parpadeo,Fp1,6,12.0,14.0,386697.3173938653,307545.54773333017,0.7953133727588905,46238.99105781714,0.11957411902788309,10409.171078384388,0.026918136253276017,17702.554786435925,0.04577884042677552,4801.05273789764,0.012415531533174803
parpadeo,Fp1,7,14.0,16.0,122295.3155614077,92031.85501898562,0.7525378596596695,12856.160280343935,0.1051238980113553,1832.0951733850125,0.014980910470483796,11657.046974961993,0.09531883475216746,3918.1581137311473,0.03203849710632405
parpadeo,Fp1,8,16.0,18.0,217855.9101300729,168389.16648341573,0.7729382525490238,11989.862831528339,0.055035747363336066,8084.448915871224,0.037109155822508226,23751.42247549771,0.10902353973925565,5641.0094237598505,0.025893304525875994
parpadeo,Fp1,9,18.0,20.0,550943.2866210999,469482.4969115842,0.8521430577562538,39389.68143864596,0.07149498395782326,8816.384827693799,0.016002345507763832,25112.039079688562,0.04558008000006516,8142.684363487323,0.01477953277809389
parpadeo,Fp1,10,20.0,22.0,155929.30725790534,104241.32648589057,0.6685165753572969,11129.721433488136,0.07137671313500868,10782.246486123708,0.06914829980158888,20901.364270761813,0.13404384742241682,8874.648581641142,0.05691456428368897
parpadeo,Fp1,11,22.0,24.0,253334.17403658837,201423.5638071493,0.7950903764687438,7048.581558647393,0.027823255924521992,4903.569887534778,0.01935613268988561,33382.636605805514,0.13177312825147763,6575.822177451343,0.025957106665370835
parpadeo,Fp1,12,24.0,26.0,285128.64753012185,201456.53047626885,0.7065460879548638,44423.40785545207,0.15580127861673052,11417.65003892477,0.04004385437180098,19552.84782928367,0.06857552897142,8278.211330192516,0.029033250085184727
parpadeo,Fp1,13,26.0,28.0,155273.67241190095,96794.3858034231,0.6233792522576048,13856.24538705714,0.0892375711337599,16869.519131635698,0.10864378274563649,20433.40363987998,0.13159606082913683,7320.1184499050505,0.04714333303386209
parpadeo,Fp1,14,28.0,30.0,247872.55696675953,195942.15523086095,0.7904955579940921,22172.570380592588,0.08945149334771255,3654.4488075804807,0.014743256987785678,20939.940040749305,0.08447865426085638,5163.442506976201,0.020831037409553308
parpadeo,Fp2,0,0.0,2.0,313913.47274441936,225571.06595008456,0.7185772052980313,41591.447665591506,0.13249335016421623,12693.902941895758,0.040437585653518036,21866.777081502412,0.0696586128984206,12190.279105345091,0.038833245985813794
parpadeo,Fp2,1,2.0,4.0,769859.5188891818,680027.8668677016,0.88331422835286,39568.94766631126,0.05139762085867909,26513.788611220178,0.03443977499879005,16883.623799778667,0.021930785273837728,6865.291944170283,0.008917590515833467
parpadeo,Fp2,2,4.0,6.0,522626.7706279792,434485.0484728309,0.8313486275315772,31662.35630385593,0.06058311223860767,8668.130816166049,0.016585699974286765,37110.13948024335,0.07100696245554443,10701.095554882924,0.02047559779998387
parpadeo,Fp2,3,6.0,8.0,382269.32219761785,306535.26587966713,0.8018829868884972,25832.665887144332,0.06757713577075872,14185.867510852697,0.03710961536044782,26400.982310631716,0.06906382693451783,9314.540609322028,0.024366435045778498
parpadeo,Fp2,4,8.0,10.0,120948.81430355893,59161.15345521804,0.48914207051864594,11335.221850960836,0.09371916472460447,8940.199056608924,0.07391721124417719,34621.64337460083,0.2862503743749565,6890.596566170297,0.0569711791376159
parpadeo,Fp2,5,10.0,12.0,138134.1024167799,74334.46720870388,0.5381326255295091,25813.98657333394,0.18687627545765392,14309.3618488304,0.10359036326638602,18357.336856402508,0.13289503848234757,5318.9499295092,0.038505697264103536
parpadeo,Fp2,6,12.0,14.0,334776.2560473377,277970.2943732423,0.83031663492269,23056.310312604677,0.06887080519039107,14538.657211260888,0.04342798196896349,13232.58371695548,0.0395266494499669,5978.410433274296,0.01785792846798831
parpadeo,Fp2,7,14.0,16.0,79617.34148156882,30026.17562661282,0.3771311006856941,8928.59955723792,0.11214390472086869,4562.146146000808,0.057300910343218776,29487.038589304688,0.3703594975741667,6613.381562412582,0.08306458667605172
parpadeo,Fp2,8,16.0,18.0,125782.78255141772,76111.46586541746,0.6051024180062519,11875.417904414631,0.09441211001641003,4698.98673288862,0.037357948660165466,22026.220529869952,0.17511316002940253,11070.69151882707,0.08801436328777011
parpadeo,Fp2,9,18.0,20.0,836951.9192313489,760047.4683769682,0.9081136573233392,27063.570219161345,0.03233587210603012,18643.957661606768,0.02227601996388186,22812.736166757757,0.027256925568327536,8384.186806854901,0.010017525038421422
parpadeo,Fp2,10,20.0,22.0,72461.4615591519,32436.980588586357,0.4476445808660281,7141.194058715293,0.09855161495584489,6033.626118929338,0.08326669086027137,18325.664050275856,0.25290221389360484,8523.996742645046,0.11763489942425076
parpadeo,Fp2,11,22.0,24.0,166133.21162773974,108975.49946221343,0.6559525238481423,8715.592620016561,0.05246147073557984,10512.114602781467,0.06327521450880222,21487.7903381374,0.1293407268035353,16442.214604590907,0.09897006410394045
parpadeo,Fp2,12,24.0,26.0,331734.62456941034,262667.908261633,0.7918013038360843,29393.64768108111,0.08860590816901884,7005.024867027746,0.02111635128868513,24491.967496166657,0.07383000049499533,8176.076263501815,0.02464643621121647
parpadeo,Fp2,13,26.0,28.0,156680.80500894578,86201.01213370256,0.5501695764760773,17295.096421201695,0.11038427087615628,2577.2015622189133,0.01644873832548771,33703.64312141969,0.21511022437940222,16903.85177040291,0.10788718994287638
parpadeo,Fp2,14,28.0,30.0,222586.31028071902,159875.99173034617,0.7182651598326756,21001.2378899076,0.0943509862013593,6562.439521644826,0.029482673545235007,22841.973211351436,0.10262074600429757,12304.667927468976,0.05528043441643247
masticacion,Fp1,0,0.0,2.0,271796.67540693196,148235.60886694136,0.54539154551837,78339.80845616889,0.28822945806411765,10880.416002933078,0.04003145361010395,22858.86308661472,0.08410280608616938,11481.978994273879,0.04224473672123894
masticacion,Fp1,1,2.0,4.0,420998.8071221341,342351.2255840626,0.8131881131072768,15560.852370196535,0.036961749313656,6337.960916470522,0.015054581650232192,34615.295673481574,0.0822218378957057,22133.472577922803,0.05257371803312915
masticacion,Fp1,2,4.0,6.0,219616.29719112982,147877.06145788293,0.673342840896671,35369.13385567762,0.16104967758788966,6068.429935390634,0.02763196544612234,19387.811207673327,0.08828038472390923,10913.86073450527,0.049695131345407616
masticacion,Fp1,3,6.0,8.0,384730.4916916997,245645.96143042733,0.6384884139291811,43893.2605243305,0.11408833318962398,28892.405623091123,0.07509777947687024,49573.56403936241,0.12885270367155546,16725.30007448844,0.04347276973276947
masticacion,Fp1,4,8.0,10.0,53114.787573332775,28876.093215462188,0.5436544987701305,2550.4480810051627,0.048017665089668184,2774.813767773276,0.052241831221526355,13369.21690508867,0.2517042337151495,5544.215604003477,0.10438177120352542
masticacion,Fp1,5,10.0,12.0,745709.8616057655,690897.9295351635,0.9264969730283927,15391.205192429497,0.02063966964214075,8509.45334806614,0.0114112120359283,25663.642952056278,0.034415051045179654,5247.630578050243,0.00703709424835863
masticacion,Fp1,6,12.0,14.0,341972.38569400075,291804.5942552988,0.8532987061604662,22079.262671855242,0.06456446074453484,8040.464744304633,0.02351202927682967,15337.068139109013,0.04484884973382829,4710.995883432995,0.013775954084340675
masticacion,Fp1,7,14.0,16.0,69415.91600150743,37013.87200964547,0.5332188083326839,5611.951225468834,0.08084530967432549,3790.378726921724,0.05460388546683462,15829.139955167817,0.22803329361560357,7170.574084303586,0.10329870291055253
masticacion,Fp1,8,16.0,18.0,52849.31419044969,8089.681167841497,0.15307069338098184,1690.5252299868869,0.031987647444105885,3564.029450217301,0.06743757236610179,31738.702124716587,0.6005508796262116,7766.376217687406,0.1469532071825987
masticacion,Fp1,9,18.0,20.0,52114.82865584133,7015.775010060054,0.13462147321621648,5928.263541113858,0.11375387186367318,4349.355614260447,0.08345716039829953,26537.872463146272,0.5092192212392845,8283.5620272607,0.15894827328252628
masticacion,Fp1,10,20.0,22.0,50625.68660956132,7223.923834061348,0.14269285648951605,2334.813919830176,0.04611915563411274,9548.218251638518,0.18860422230471463,26501.497328713092,0.5234792672166532,5017.233275318179,0.09910449835500323
masticacion,Fp1,11,22.0,24.0,68685.26128602862,32334.202358486888,0.47075896273927464,2223.487454037929,0.03237211903116415,2247.936166216323,0.03272807184725057,15163.885482679112,0.22077349927419762,16715.749824608352,0.24336734710811286
masticacion,Fp1,12,24.0,26.0,98455.06533331909,53382.47062156109,0.5422013630363763,10245.873255852064,0.10406649186778472,3944.0755858386087,0.040059651298650426,22867.939756494226,0.23226778306504536,8014.706113573082,0.08140471073214302
masticacion,Fp1,13,26.0,28.0,281026.13790938223,217244.21507727247,0.7730391795346935,21996.190325584,0.07827097681809492,9389.08371619094,0.03341000159642973,24377.845969941336,0.08674583137103799,8018.802820393487,0.028534010679743874
masticacion,Fp1,14,28.0,30.0,122849.15667920704,44844.93218206758,0.36504061887189054,27239.552703467965,0.2217317028443096,15661.899803211174,0.1274888670510674,22323.114841324754,0.1817115839029856,12779.657149135575,0.10402722732974698
masticacion,Fp2,0,0.0,2.0,329792.86624129966,249844.01285654685,0.7575785847160909,27545.957592730723,0.08352502559159714,14330.223505291437,0.04345219370150486,25689.81903858665,0.0778968306118246,12382.853248144074,0.03754736537898278
masticacion,Fp2,1,2.0,4.0,397874.17613970797,323454.6026879703,0.8129570152710633,10881.555417558535,0.027349237699049934,7347.953310730977,0.01846803273844756,32759.87677826008,0.08233727832277536,23430.187945188143,0.05888843596866402
masticacion,Fp2,2,4.0,6.0,341302.8838680625,235636.14226912265,0.6904018495203004,22472.322990832497,0.06584275742457431,8982.858047723952,0.02631931481480378,59650.53261795878,0.1747730108281707,14561.027942424635,0.04266306741215082
masticacion,Fp2,3,6.0,8.0,476558.7054937847,340222.0455018424,0.7139142388539991,60175.26244388445,0.1262704085565577,19478.923519893146,0.04087413218002203,32986.57883805191,0.06921829033397466,23695.895190112722,0.049722930075446425
masticacion,Fp2,4,8.0,10.0,55072.583829931296,20358.907204075098,0.36967408805341495,3548.9318483678353,0.06444099044503215,1936.1045428871653,0.035155505847810166,16552.50676189592,0.30055802017590877,12676.13347270527,0.2301713954778338
masticacion,Fp2,5,10.0,12.0,728186.4596951645,676291.0192470318,0.9287333075791366,31635.035410996723,0.04344359193967967,8191.475339219449,0.01124914536676305,9165.415218790793,0.01258663230654913,2903.5144791258044,0.003987322807871602
masticacion,Fp2,6,12.0,14.0,370828.6948573552,320356.2057145785,0.863892708836376,18424.510287259945,0.04968469415331305,11296.040482788167,0.030461613784050226,14417.823713686847,0.038880010942068215,6334.114659041704,0.017080972284192343
masticacion,Fp2,7,14.0,16.0,51708.02859386032,12400.943705402347,0.23982627152168792,3975.6698843508148,0.07688689730520641,7181.133304785415,0.13887849720958198,21629.83693910732,0.4183071280670637,6520.444760214426,0.1261012058964601
masticacion,Fp2,8,16.0,18.0,47068.21970446313,11570.060641160202,0.24581470711676606,2786.095929311916,0.05919271956333906,3746.3860762444747,0.07959481152607165,20403.200293102625,0.4334814535415271,8562.47676464391,0.18191630825229607
masticacion,Fp2,9,18.0,20.0,55576.13242919849,11790.031132728227,0.21214198644981638,4110.329631193703,0.07395854032178434,3323.508275776364,0.059800999646932335,21543.713855220743,0.38764327263446174,14808.549534279451,0.2664552009470051
masticacion,Fp2,10,20.0,22.0,52265.0505404462,7216.919360892694,0.13808308393976884,2490.6135903609375,0.04765351921803909,5074.247639474685,0.09708682163328038,28356.09163140035,0.5425440392419885,9127.178318317538,0.17463253596692335
masticacion,Fp2,11,22.0,24.0,92531.97562751682,32745.79123065096,0.3538862215853645,13828.830645654409,0.14944920987445168,5161.140921423569,0.05577683699524046,28863.13166871016,0.31192602852118234,11933.08116107772,0.12896170302376106
masticacion,Fp2,12,24.0,26.0,111241.38005466794,52774.36064969724,0.47441303428420306,15964.042928201608,0.14350813447618427,5615.081312016116,0.05047655206413896,22612.924495607305,0.2032779931756916,14274.970669145676,0.12832428599978218
masticacion,Fp2,13,26.0,28.0,279412.3816672161,222471.0722590149,0.7962105005209861,20096.36118131227,0.07192366015206623,6810.89975360346,0.024375797926218367,22773.962869979703,0.0815066345095036,7260.085603305728,0.0259834068912257
masticacion,Fp2,14,28.0,30.0,155028.24308974092,80874.72598001159,0.521677369027499,19564.45760561382,0.12619931191691683,9014.512439284137,0.05814754950209893,30650.03368682533,0.19770612809617535,14924.513378006051,0.09626964145730997
musica_relajante,Fp1,0,0.0,2.0,25517.19466474669,11825.092841951531,0.46341664894254625,1652.1675618891488,0.06474722568824162,2385.2610771917616,0.09347661874787207,7088.862658504759,0.27780728844375613,2565.8105252094883,0.10055221817758388
musica_relajante,Fp1,1,2.0,4.0,69310.55160634681,39641.321760286286,0.5719377618783271,11174.516184429489,0.16122388186860473,3873.2779200941836,0.05588294755021839,12736.048658649333,0.18375338766576899,1885.3870828875363,0.02720202103708103
musica_relajante,Fp1,2,4.0,6.0,52649.005325583945,36242.69112187602,0.6883832068193787,4776.265574709496,0.09071900874808257,1820.3013288434972,0.03457427766368362,7545.398188006887,0.14331511376797693,2264.349112148048,0.04300839300087828
musica_relajante,Fp1,3,6.0,8.0,31239.329325196915,16568.20244834077,0.5303635771391944,2090.336622596163,0.06691362035452363,1435.7183305145775,0.04595867970048129,5634.110847377818,0.18035313078355608,5510.961076367587,0.1764109920222447
musica_relajante,Fp1,4,8.0,10.0,22618.79515077205,1830.2336128863863,0.08091649447667042,1706.1151037642146,0.07542908861376639,1954.787319030103,0.08642314084370581,12912.683015591292,0.5708828843233298,4214.976099500055,0.18634839174252768
musica_relajante,Fp1,5,10.0,12.0,278326.91640801396,250245.82065963076,0.8991075095761932,8902.911359631373,0.031987245339146896,4922.2852659814625,0.01768526497367444,11686.97415035349,0.04199009675809056,2568.9249724168717,0.009229883352894803
musica_relajante,Fp1,6,12.0,14.0,23550.619978486935,9690.552678650249,0.41147760388059396,2886.7172166338287,0.12257499884380083,1789.8552446494045,0.07600034505607092,6654.6196598748775,0.28256664435814227,2528.875178678576,0.1073804078613921
musica_relajante,Fp1,7,14.0,16.0,36302.07227166417,19901.051131544664,0.5482070274836229,4836.400881184935,0.13322657849921204,4156.794774262703,0.11450571590391873,5364.08344496937,0.1477624584301305,2043.7420397024994,0.056298219683115894
musica_relajante,Fp1,8,16.0,18.0,49166.94681394695,37723.58941931174,0.7672550740655483,2278.854359080007,0.046349316090410056,2719.0259589180105,0.055301907787910824,5024.769505491385,0.10219811949083712,1420.7075711458276,0.028895582565294096
musica_relajante,Fp1,9,18.0,20.0,111130.92695049885,88676.58349211341,0.7979469435327639,9783.387317256245,0.08803478550677499,3375.5679625321354,0.03037469456216916,6856.961948054742,0.061701653501990895,2438.4262305423235,0.02194192289630117
musica_relajante,Fp1,10,20.0,22.0,26088.46633903655,12011.948188040771,0.4604313657973493,2755.0862941065934,0.10560552921365554,2922.43032372546,0.11202001243563271,6075.855030987841,0.2328942971207338,2323.1465021758854,0.0890487954326287
musica_relajante,Fp1,11,22.0,24.0,34819.188067735005,25509.03266353894,0.7326142302317707,2197.160183768057,0.06310199363333352,1091.1243327765053,0.03133686893140364,4465.220554680299,0.12824022622221823,1556.6503329712123,0.04470668098127403
musica_relajante,Fp1,12,24.0,26.0,14185.585935620484,5006.91838008658,0.3529581649154188,2226.5085673058175,0.15695569977937812,1814.2474719531242,0.12789372819613237,3234.172008978096,0.22799001914027262,1903.7395072968636,0.13420238796879794
musica_relajante,Fp1,13,26.0,28.0,20935.73753656972,7727.415280041266,0.3691016505410102,3188.202837965097,0.15228519331578694,3390.021099833077,0.161925085940322,4496.103351073043,0.21475734223451298,2133.9949676572364,0.10193072796836788
musica_relajante,Fp1,14,28.0,30.0,17928.90516869027,7235.020159104812,0.40353942926417624,1395.0074018801156,0.07780772940426137,1788.6196880346724,0.09976179087377779,5324.528660550999,0.2969801340602418,2185.729259119667,0.12191091639754248
musica_relajante,Fp1,15,30.0,32.0,19945.41162186287,7033.8130254204025,0.3526531895541525,4571.4012374306,0.22919563276496766,1857.6911301645232,0.09313877123138649,4241.550065355907,0.21265793585862092,2240.9561634914357,0.11235447059087236
musica_relajante,Fp1,16,32.0,34.0,16715.848804416266,5879.250776786076,0.3517171545146304,1622.6670248655914,0.09707356436706276,1054.0909408489197,0.0630593727654699,6444.378950360608,0.3855250801657183,1715.461111555073,0.10262482818711871
musica_relajante,Fp1,17,34.0,36.0,81301.18106127216,68732.42733507892,0.8454050290275503,1960.5932477092504,0.024115187776074996,2098.992418203552,0.025817489866742017,6767.67763119,0.0832420580223746,1741.490429090439,0.02142023530725802
musica_relajante,Fp1,18,36.0,38.0,22652.116018223536,8346.911471523124,0.36848263821393407,2701.1984978344153,0.11924707147276271,938.7191347728882,0.041440681922063814,6614.2082241646785,0.2919907446546528,4051.0786899284335,0.17883886373658678
musica_relajante,Fp1,19,38.0,40.0,27085.870216382533,8827.775584064333,0.3259181083547011,3244.1194193125284,0.11977165191282521,3003.313868208267,0.11088120279007142,9047.354487247134,0.3340248777303437,2963.3068575502707,0.1094041592120586
musica_relajante,Fp1,20,40.0,42.0,25005.86578018783,5087.767738743426,0.203462970787217,1535.0114729936336,0.06138605583534023,9864.368527253542,0.3944821832591412,5685.077558600956,0.2273497589955573,2833.640482596274,0.11331903112274441
musica_relajante,Fp1,21,42.0,44.0,48239.171271919506,30761.52104627685,0.6376875936130236,1701.5882900699285,0.035273995079190754,6594.096884987548,0.1366958990198498,5346.697980931033,0.11083726855074309,3835.2670696541545,0.07950524373719291
musica_relajante,Fp1,22,44.0,46.0,43611.23721328773,22430.90574205305,0.5143377527299012,3900.6241986823184,0.08944080580896369,5234.612785498194,0.12002899069103413,9004.675242614192,0.20647603273842904,3040.4192444399787,0.06971641803167203
musica_relajante,Fp1,23,46.0,48.0,128175.64783180508,93027.38990087342,0.7257805322189284,14572.102402611437,0.11368854106930883,9258.399849158428,0.07223212837829776,8450.286368680307,0.06592739347624721,2867.469310481472,0.022371404857217718
musica_relajante,Fp1,24,48.0,50.0,20917.135982550877,8936.042672440904,0.4272115781001458,2087.1258269397294,0.09978066924079924,2940.617314567744,0.14058412762726283,4688.390294086623,0.22414112037124437,2264.9598745158755,0.10828250466054772
musica_relajante,Fp1,25,50.0,52.0,18143.002868639196,5419.416995780186,0.29870562414713797,2019.9699684239208,0.11133603312798392,3862.60646806631,0.21289785908279593,5061.201215192846,0.27896160585088736,1779.8082211759336,0.09809887779119482
musica_relajante,Fp1,26,52.0,54.0,51333.070745001416,34463.278603722545,0.6713660044792552,2236.741672473885,0.043573112615548894,3775.5104528712627,0.07354928115690225,8890.407821085088,0.17319064868042783,1967.1321948486325,0.038320953067865766
musica_relajante,Fp1,27,54.0,56.0,14285.020461528109,4001.5473878917983,0.28012192202794656,3505.7248504208324,0.24541265865613013,721.1495914434996,0.050482923240164276,4189.7922197209455,0.2932997002702754,1866.8064120510367,0.13068279580548386
musica_relajante,Fp1,28,56.0,58.0,51400.982099243614,41388.73316088206,0.8052128864185868,897.5858904360205,0.017462426859918476,3762.267061184254,0.07319445869575354,3780.2620376739173,0.07354454882545026,1572.1339490673608,0.03058567920029091
musica_relajante,Fp1,29,58.0,60.0,17974.48922746061,5414.184911022525,0.30121495206389387,1340.7567975036588,0.074592205683114,2453.942841732397,0.13652364808138048,6136.897338222079,0.3414226274005275,2628.7073389799475,0.14624656677108397
musica_relajante,Fp1,30,60.0,62.0,145252.77136071547,125116.94933036999,0.8613739218762242,10303.527260085002,0.07093515093421245,2167.916392965104,0.014925129294651314,5245.042037185396,0.036109755346147916,2419.3363401099955,0.016656042548764204
musica_relajante,Fp1,31,62.0,64.0,25119.59409786754,9881.019989080167,0.39335906267366755,1696.2887669961285,0.0675285102293962,2614.556831151814,0.10408435824899614,7328.627600759958,0.29174944357011334,3599.100909879472,0.14327862527782675
musica_relajante,Fp1,32,64.0,66.0,28112.447563571575,14922.263559670615,0.530806274548896,3705.487030124192,0.13180947769648502,2129.3027933601766,0.07574234824431833,3957.9303246777195,0.14078924703114254,3397.463855738874,0.12085265247915822
musica_relajante,Fp2,0,0.0,2.0,43766.84537883081,30600.985196712027,0.6991818791562515,2909.613286539159,0.0664798493324009,4217.057719561827,0.09635279132092846,4716.296596902299,0.10775957362427317,1322.8925791154936,0.03022590656614588
musica_relajante,Fp2,1,2.0,4.0,81427.16982368947,69868.27463518147,0.8580462121729645,3003.365261025179,0.03688406790421708,2923.6069224174357,0.03590456267542871,4474.210780195794,0.05494739397038602,1157.7122248695723,0.01421776327700341
musica_relajante,Fp2,2,4.0,6.0,24740.019737145485,8084.700837941398,0.3267863536019238,5887.761972000813,0.2379853385145337,2888.8268338737967,0.11676736173077568,6406.126416873953,0.2589378054236385,1472.6036764555233,0.059523140729128336
musica_relajante,Fp2,3,6.0,8.0,16899.633100677518,4502.096333776011,0.26640201636066996,4295.462029417959,0.2541748689943896,2325.951204300704,0.1376332367953867,4064.542735930076,0.24051070882521855,1711.580797252767,0.10127916902433512
musica_relajante,Fp2,4,8.0,10.0,13434.835962071384,3379.0988509559243,0.2515176858501021,3653.636328206364,0.2719524331016131,1514.7127137343696,0.11274515878054912,3893.5604710067205,0.2898107935220678,993.8275981680059,0.07397392874566795
musica_relajante,Fp2,5,10.0,12.0,150678.10188863278,138135.2369235642,0.916757214168127,3539.061657446233,0.023487564636711297,3302.9089757397755,0.021920298532702373,3901.588694286387,0.025893534928984427,1799.3056375962622,0.011941387733475308
musica_relajante,Fp2,6,12.0,14.0,15902.706618304555,7355.774794636558,0.46254860705094136,1869.8943003980457,0.11758339918349081,1479.518725663174,0.09303565494695085,3978.8184108306377,0.25019756110264163,1218.7003867761387,0.0766347777159753
musica_relajante,Fp2,7,14.0,16.0,20642.321534133138,10472.102880806287,0.5073122644412901,4635.464840485554,0.2245612167614275,1799.9666048781287,0.08719787655190776,2501.1142273924997,0.12116438663436083,1233.6729805706686,0.05976425561101386
musica_relajante,Fp2,8,16.0,18.0,59926.47853113289,48800.13246961297,0.8143333909443788,5772.696182963528,0.09632964132815694,1403.6624466674677,0.02342307576004553,3097.9339756793124,0.05169557850908726,852.0534562095982,0.014218313458331128
musica_relajante,Fp2,9,18.0,20.0,132088.16728688378,116154.4629226924,0.8793706908690406,10655.895878059857,0.08067259995300106,1359.745795439072,0.010294228645672893,3169.9952019571388,0.023999085361463078,748.067488735308,0.005663395170822317
musica_relajante,Fp2,10,20.0,22.0,17320.77162549764,5027.225414625084,0.29024257829394756,4156.975456261427,0.23999943802399704,1236.8707026129669,0.07140967673704493,5961.596620522305,0.34418770418670785,938.1034314758589,0.054160602758302714
musica_relajante,Fp2,11,22.0,24.0,42081.86216792083,33378.18027857505,0.7931726059408883,2329.7480337940524,0.05536228469399884,1978.1469340950039,0.047007114994139995,2956.122115433845,0.07024694163100294,1439.6648060228865,0.03421105273996997
musica_relajante,Fp2,12,24.0,26.0,15592.79189029223,6986.385765163885,0.44805226763229444,3097.6956354411286,0.19866202648222953,1355.0759697443234,0.0869039989296572,3127.9692659791585,0.20060354091729857,1025.665253963734,0.06577816603852023
musica_relajante,Fp2,13,26.0,28.0,20948.339941021746,11090.901453087341,0.5294405897704936,2268.881818984649,0.10830843042324552,1722.366031777392,0.08221969075480758,5337.421166646122,0.254789696065329,528.7694705262461,0.025241592986124495
musica_relajante,Fp2,14,28.0,30.0,19644.441547155486,11004.923089670017,0.5602054435221921,1730.1979260386447,0.0880756992702181,2700.849542154406,0.13748670511559993,2945.2468327936494,0.14992774550112478,1263.2241564987671,0.06430440659086498
musica_relajante,Fp2,15,30.0,32.0,9126.736241421,1677.782017613475,0.18383154429279863,2345.716013677568,0.2570158654340983,1108.6491950896616,0.12147268922466953,3135.523742230976,0.3435536712456573,859.0652728093218,0.0941262298027765
musica_relajante,Fp2,16,32.0,34.0,17007.878263674553,8524.150042985866,0.5011883264235114,1943.676613547791,0.11428095753125761,3070.197346723351,0.18051618779990225,2229.1149756822297,0.13106367185395348,1240.7392847353126,0.07295085639137511
musica_relajante,Fp2,17,34.0,36.0,43541.31971922396,35340.78156526191,0.8116607809124025,2767.8252789847406,0.0635677856535597,1185.2224946892748,0.027220637829357897,2804.6367640006283,0.06441322362496861,1442.8536162873997,0.033137571979711136
musica_relajante,Fp2,18,36.0,38.0,12667.503838670056,6156.466011463242,0.48600466910216467,1747.515512306029,0.13795263333344276,1624.1263163341448,0.1282120248013013,2359.0773128370724,0.186230637296949,780.3186857295705,0.0616000354661424
musica_relajante,Fp2,19,38.0,40.0,26591.395981835132,16830.88863008212,0.6329449059981462,1735.2081092309152,0.06525449474018793,2674.060928811537,0.10056113378320629,4513.467316386382,0.16973412450664793,837.7709973241825,0.03150534097181182
musica_relajante,Fp2,20,40.0,42.0,14519.181107981012,3980.19856335037,0.2741338188255331,2983.2575177418457,0.20547009473571387,1952.1916739410697,0.13445604538040884,4606.852461868448,0.31729423495765324,996.6808910792791,0.0686458061006909
musica_relajante,Fp2,21,42.0,44.0,13602.537620577166,6040.417430064974,0.4440654823793587,1415.7756425546659,0.10408172960411143,1776.5265473640861,0.1306025829089901,3195.067779765756,0.23488762677137787,1174.7502208276858,0.08636257833616197
musica_relajante,Fp2,22,44.0,46.0,21503.38227925859,10404.814113714885,0.4838687225381751,1910.5238744728545,0.0888475984689943,1147.370837799753,0.05335769149704727,6599.161101967592,0.30688944726304346,1441.5123513035062,0.06703654023273997
musica_relajante,Fp2,23,46.0,48.0,63902.100002434185,45986.66752114481,0.7196425081396866,7541.860137138743,0.11802210157180211,5536.722232575621,0.08664382285346982,3643.7220610285367,0.05702038056479738,1193.1280505464856,0.018671186870244272
musica_relajante,Fp2,24,48.0,50.0,15447.7714790131,1691.7596206111057,0.10951480107726101,2126.5377320361495,0.13765983882692742,7507.812254594252,0.4860126436226838,2904.224019297678,0.18800278235881943,1217.4378524739154,0.07880993411430844
musica_relajante,Fp2,25,50.0,52.0,17492.962283300425,7710.53838953446,0.44077945545536845,3216.4856210799244,0.1838731238876864,3443.2543542813196,0.19683655052343,2484.966873383795,0.14205523530774755,637.7170450209268,0.03645563482576764
musica_relajante,Fp2,26,52.0,54.0,43093.99266605452,33186.232381592396,0.7700895259058569,1593.8092332911824,0.036984487504835885,3767.291767914505,0.08742034642991042,3212.1386105242664,0.07453796716901782,1334.5206727321722,0.030967672990379117
musica_relajante,Fp2,27,54.0,56.0,19313.119905215215,10318.75063603717,0.534287090158372,1387.1239941848764,0.07182288521961201,2610.813928654261,0.13518343703490654,3532.1914673405818,0.18289077501076184,1464.2398789983324,0.075815812576348
musica_relajante,Fp2,28,56.0,58.0,43237.404072672696,30250.238428690325,0.6996312354424942,3354.1178810713536,0.07757445094145358,4303.108232241711,0.09952281651805737,4137.688681629341,0.09569697280333445,1192.2508490399555,0.027574524294660254
musica_relajante,Fp2,29,58.0,60.0,24746.575415928382,15166.734285300638,0.6128821475450869,1488.1445998220522,0.060135375291734024,3409.2252200731855,0.13776553574676856,3928.122725506677,0.1587339928650613,754.3485852258267,0.030482948551349157
musica_relajante,Fp2,30,60.0,62.0,107211.61814700945,93314.09121212896,0.8703729392851427,5309.969372107576,0.04952792863201172,3321.244730805436,0.03097840316383732,3864.1466773453785,0.03604223818398888,1402.16615462208,0.013078490735019207
musica_relajante,Fp2,31,62.0,64.0,17053.45337465322,11454.213077472514,0.671665311760084,2161.1217758256726,0.12672634265607324,574.2976203946998,0.033676323954905586,2165.8267595558004,0.12700223889988746,697.9941414045344,0.04092978272904962
musica_relajante,Fp2,32,64.0,66.0,15385.237020550108,5195.178250923346,0.33767294218373956,3614.4675389505555,0.2349308973350687,1487.426728827419,0.09667883093647882,3666.401286093185,0.2383064545054432,1421.7632157556015,0.09241087503926966
musica_estresante,Fp1,0,0.0,2.0,209899.39039289235,195869.96272479184,0.9331611795449236,5840.121829843005,0.027823433974302595,961.8417012167833,0.0045823939717804605,2437.4567112848777,0.011612500192222642,4790.0074257558035,0.022820492316770462
musica_estresante,Fp1,1,2.0,4.0,313593.5386366289,284412.54435270996,0.9069464428036832,3054.9423873829746,0.009741726186912405,5141.537473989034,0.016395546593026913,11394.165587915373,0.03633418480958617,9590.348834631504,0.030582099606791185
musica_estresante,Fp1,2,4.0,6.0,113760.30602917347,97598.1040944992,0.8579275803765021,6205.165031460349,0.054545959377685346,2830.3810257138225,0.024880216347062042,5054.203576882112,0.04442853358346256,2072.4523006179884,0.018217710315287957
musica_estresante,Fp1,3,6.0,8.0,819103.6629789206,607401.6694253244,0.7415443207961282,182976.06846274692,0.22338572848923488,9847.445884126884,0.012022221764109367,17466.726343596943,0.021324195133096902,1411.7528631255375,0.0017235338174307108
musica_estresante,Fp1,4,8.0,10.0,33281.116245852434,22567.282321585077,0.6780806916113417,3619.665244707955,0.10876033177399949,2628.4512519887567,0.07897725642890117,2729.27614717987,0.08200674902302889,1736.4412803907805,0.05217497116272894
musica_estresante,Fp1,5,10.0,12.0,1447348.72811252,761046.4840906694,0.525821088800863,516986.98094904027,0.35719586503747464,102113.6384063447,0.07055220101620607,53850.65418545044,0.03720641275974782,13350.970481015422,0.009224432385708697
musica_estresante,Fp1,6,12.0,14.0,944241.3155583595,682185.3642658764,0.7224693021004687,107106.19762506906,0.1134309586546039,95381.73693600309,0.10101415323009974,52892.34190518073,0.0560157038605156,6675.67482623023,0.007069882154312104
musica_estresante,Fp1,7,14.0,16.0,283593.7958831797,134492.29481033527,0.4742427259083497,90372.0062342397,0.31866707786324944,39294.23606757167,0.13855816536888585,17154.26801598956,0.060488869167842754,2280.9907550436033,0.008043161691672577
musica_estresante,Fp1,8,16.0,18.0,1101847.56043899,845383.5737349321,0.7672418618398725,206857.70085250912,0.18773713195870254,19733.62030200831,0.017909573892550244,28119.804324416018,0.02552059407674573,1752.861225124359,0.00159083823212895
musica_estresante,Fp1,9,18.0,20.0,76829.1812693247,36253.63733482253,0.4718732743973335,2564.260564205737,0.03337612768795129,8814.945309261728,0.11473433874507832,20414.150602829977,0.26570829293713505,8782.187458204735,0.11430796623250189
musica_estresante,Fp1,10,20.0,22.0,69214.86733581958,42895.12797140087,0.6197386431917943,10745.65646480667,0.15525069798473276,4533.073663352606,0.06549277399259974,8522.002002593084,0.12312386529971486,2519.00723366635,0.036394019531158325
musica_estresante,Fp1,11,22.0,24.0,63824.153614329196,38103.25663618528,0.5970037122063879,17040.687402555297,0.2669943342379002,4901.433413915213,0.07679590149417649,3141.5028227707844,0.049221221823856416,637.2733389026216,0.009984830237678969
musica_estresante,Fp1,12,24.0,26.0,13063.721939155677,7507.8223435593145,0.5747077577528839,1278.4324524098267,0.09786127248912137,3193.1889849055474,0.24443179361730402,981.7030292735462,0.07514726919677493,102.57512900744199,0.007851906943915826
musica_estresante,Fp1,13,26.0,28.0,93128.6678097833,71246.75849030784,0.7650357313800559,6566.15669263756,0.07050628820385398,6931.359428302269,0.07442777386722287,6178.337972930001,0.06634195590072596,2206.0552256056617,0.023688250648141583
musica_estresante,Fp1,14,28.0,30.0,105229.76638990556,75157.2766797769,0.7142206930432429,14632.8825971079,0.1390564960763003,6877.926136502317,0.0653610320773467,7126.7174297836855,0.06772529935472074,1434.9635467347618,0.013636479448389372
musica_estresante,Fp1,15,30.0,32.0,171724.4879331585,145634.81751617396,0.8480725100363112,16847.34315832262,0.098106818433957,2333.0890911120837,0.013586234084565784,5838.069751868829,0.033996722436821135,1071.1684156810368,0.006237715008345083
musica_estresante,Fp1,16,32.0,34.0,30604.15644317849,10403.830818328373,0.33994829550831596,11516.532511633453,0.3763061574010621,2216.917478123189,0.07243844417797468,4228.820673735,0.13817798512389917,2238.05496135848,0.0731291177887483
musica_estresante,Fp1,17,34.0,36.0,77903.13309353177,69147.2042810295,0.8876049208189128,2200.161651926165,0.028242274277783093,1983.8649101620092,0.025465791058495026,3267.1022238107435,0.041938008063015994,1304.8000266033387,0.016749005781792815
musica_estresante,Fp1,18,36.0,38.0,29160.931407051754,23029.082610894176,0.7897238359583136,1054.460291812469,0.03616003470854423,2630.829352303341,0.09021760366910463,1906.9557302914757,0.0653941982741447,539.6034217502905,0.018504327389892716
musica_estresante,Fp1,19,38.0,40.0,58270.85071101652,37944.98864215357,0.6511830216849708,7183.491146062845,0.12327760893157433,947.5261957539518,0.016260723572632092,8591.109813637393,0.14743408940850047,3603.7349134087617,0.06184455640232226
musica_estresante,Fp1,20,40.0,42.0,658084.4146652796,544346.1835459709,0.8271677180242004,37939.29571681788,0.05765110808180267,29342.856949631518,0.04458828730134284,35318.75832013405,0.05366903931025046,11137.320132725123,0.01692384728240355
musica_estresante,Fp1,21,42.0,44.0,83096.40240389499,75918.68441285283,0.9136217960898664,1826.536939440011,0.021980938844524463,702.6008524273116,0.008455249951884541,3315.408334526699,0.03989833781746604,1333.1718646481152,0.01604367729625832
musica_estresante,Fp1,22,44.0,46.0,161802.72439090395,125790.52719684746,0.7774314534590062,10996.131399597909,0.06796011279162416,5370.229202997629,0.03318998010208737,9759.61647224699,0.06031799840816305,9886.220119213982,0.06110045523911929
musica_estresante,Fp1,23,46.0,48.0,508236.35127614124,417291.7458357308,0.8210584402078762,44536.08110332667,0.08762868100933768,12737.26205257221,0.02506169033480182,24596.303286977265,0.04839540348740875,9074.958997534382,0.01785578496057568
musica_estresante,Fp1,24,48.0,50.0,20153.53996749645,5690.803582058447,0.2823724065963872,1370.9580533973522,0.0680256697140268,1143.8572664933513,0.056757138861865446,6871.148569880733,0.3409400324192422,5076.772495666564,0.25190475240847826
musica_estresante,Fp1,25,50.0,52.0,82686.93499318691,67181.54098779785,0.8124807261671189,5992.118309239875,0.07246753443858577,3723.51301421402,0.04503145526582674,3618.008472405166,0.04375550348677546,2171.754209529982,0.026264780641692985
musica_estresante,Fp1,26,52.0,54.0,14847.694761743294,4670.28653123633,0.3145462380644996,2159.7715522364992,0.1454617425057381,2176.397801973318,0.14658152911258956,4431.721411147265,0.298478752578217,1409.5174651498824,0.0949317377389558
musica_estresante,Fp1,27,54.0,56.0,34789.133565926946,25254.26842326439,0.7259240410631795,4741.115150563792,0.1362814955301824,1656.8416324154207,0.04762526290790291,2023.8331401781609,0.05817428986389982,1113.0752195051803,0.031994910634835255
musica_estresante,Fp1,28,56.0,58.0,39920.77563379302,31396.651000000482,0.7864739725503518,3590.4791235291987,0.08994011430203402,2189.6743498834626,0.0548504961419111,2158.1726061776053,0.054061389637698014,585.7985542022682,0.014674027368005056
musica_estresante,Fp1,29,58.0,60.0,18494.565149412658,9223.213346752229,0.49869857832505654,2525.2097416077286,0.13653793539925013,1634.8133464352345,0.08839425708190561,2514.2392869197542,0.13594476358908067,2597.089427697714,0.1404244656047072
musica_estresante,Fp1,30,60.0,62.0,88233.33568681986,76370.4769408587,0.8655512833826454,5294.930044969247,0.0600105391432027,881.5812756861231,0.009991476224079922,4572.562832592193,0.051823529021075364,1113.784592713599,0.0126231722289966
musica_estresante,Fp1,31,62.0,64.0,17074.269433660684,9544.181088456255,0.5589803490883536,1885.8444157990837,0.11044949379100684,2715.462360504713,0.15903827516926586,1996.9782555448535,0.11695834268656648,931.8033133557802,0.05457353926480729
musica_estresante,Fp1,32,64.0,66.0,18793.701391808383,6482.065586903402,0.3449062774685109,1682.1640788458228,0.08950680037829208,5762.476358167503,0.306617426659721,2752.338050406153,0.14645002562431983,2114.6573174854984,0.112519469869156
musica_estresante,Fp1,33,66.0,68.0,101609.51985345864,33954.20489760214,0.3341636191822472,19049.742990418745,0.18747990363395384,10204.951684693971,0.1004330273325921,28801.59649195464,0.2834537210046099,9599.023788789149,0.09446972884659698
musica_estresante,Fp1,34,68.0,70.0,51061.733929763286,33187.84163623314,0.6499552420582478,7922.57632059093,0.15515682118215246,2165.761209550046,0.042414564545126994,4368.197284712032,0.0855473746880707,3417.3574786771396,0.06692599752640209
musica_estresante,Fp1,35,70.0,72.0,17540.073967435637,2402.7786752853694,0.13698794427813102,470.86923599952604,0.02684533924279495,1247.5921094047233,0.07112809853145229,9031.591454009025,0.5149118225371684,4387.242492736994,0.2501267954104534
musica_estresante,Fp1,36,72.0,74.0,18574.975574458524,3836.2296352475396,0.20652676607136636,3437.5543654352014,0.18506373543564722,2787.620219348505,0.15007396419845717,4995.350385206359,0.26892904193506467,3518.2209692209217,0.1894064923594647
musica_estresante,Fp1,37,74.0,76.0,30941.18207964866,7064.110653370771,0.22830771737118402,2302.728414726614,0.07442276797308327,3586.2046685740083,0.1159039321556111,7254.514322080462,0.23446144699339289,10733.624020896808,0.34690413550672883
musica_estresante,Fp1,38,76.0,78.0,76486.47262060155,15449.60419884195,0.20199132826371988,4212.57123271504,0.05507602963481923,3280.9962851956916,0.04289642563947914,34993.2105801789,0.45750848981828346,18550.090323669963,0.24252772664369826
musica_estresante,Fp1,39,78.0,80.0,197396.3508114235,173342.69000591623,0.8781453623299946,4267.337090510495,0.02161811539559393,5105.904744026503,0.025866257015583188,10353.944388614747,0.05245256229942198,4326.474582355548,0.021917702959406333
musica_estresante,Fp1,40,80.0,82.0,25334.593434102833,9107.735244700905,0.3594979831979859,2685.639234637445,0.10600680218622781,2494.4968868869996,0.09846208479229683,7829.76667306543,0.3090543644772211,3216.955394812052,0.12697876534626826
musica_estresante,Fp1,41,82.0,84.0,23344.725943046844,6560.227006467377,0.2810153789113691,1958.7158456046843,0.08390399828994702,2835.442487599488,0.12145966050391847,8160.692114624155,0.3495732669783083,3829.648488751137,0.16404769531645697
musica_estresante,Fp1,42,84.0,86.0,49612.09736000271,19572.625838104836,0.39451317077121384,18044.120700551197,0.3637040492284927,4620.217120030399,0.09312682522781672,5350.665766628714,0.10785002149379846,2024.4679346875614,0.040805933278678284
musica_estresante,Fp1,43,86.0,88.0,24381.169397423168,12727.19857374017,0.522009357561221,1463.319736910499,0.060018439356118676,3675.0174210271753,0.15073179473563666,4807.2440703647,0.1971703650470832,1708.3895953806207,0.0700700432999403
musica_estresante,Fp1,44,88.0,90.0,106344.22895664898,90258.21305742496,0.8487363530955548,9467.966377382478,0.089031313408103,2198.845005087275,0.02067667448116653,3854.749238933502,0.03624784604442318,564.4552778207492,0.005307812970752257
musica_estresante,Fp1,45,90.0,92.0,251504.71552274923,230185.45834330606,0.9152331711350565,10152.864026163967,0.040368483768033425,3759.0293171965704,0.014946158402571012,4755.424509861567,0.018907894032831468,2651.9393262210638,0.01054429266150753
musica_estresante,Fp1,46,92.0,94.0,64557.1047313671,47096.63259547723,0.7295344608692442,6176.566860487405,0.0956760202643711,7274.475833869235,0.11268280794406045,2900.6492748035794,0.04493152669831873,1108.7801667296555,0.017175184224005633
musica_estresante,Fp1,47,94.0,96.0,172481.8296037595,150417.1537895592,0.872075360837201,8807.410374757665,0.05106283018327684,9422.793809564762,0.05463064620320666,2948.3943900569843,0.017093941992790174,886.0772398208833,0.005137220783525187
musica_estresante,Fp2,0,0.0,2.0,483145.0227647208,463938.11871351494,0.9602460893805811,13342.600884044747,0.02761614061072973,882.2616766064768,0.0018260804417644092,2735.1527107004486,0.005661142269559088,2246.8887798541027,0.004650547297365578
musica_estresante,Fp2,1,2.0,4.0,77883.89722611831,40783.01870145095,0.5236386487317997,5775.474297084438,0.074154921656227,4713.844677462482,0.06052399591377532,11524.760604998424,0.14797359936340737,15086.79894512201,0.1937088343347906
musica_estresante,Fp2,2,4.0,6.0,533207.4923566346,454370.9345384849,0.8521465678028769,64044.37235883322,0.12011153871033248,4956.638675039013,0.009295890898179233,8346.045303239503,0.015652528186264253,1489.5014810377943,0.0027934744023468162
musica_estresante,Fp2,3,6.0,8.0,658502.2259814008,309564.8463159491,0.4701044796843142,211371.380698538,0.320988103545922,96680.06296740806,0.14681812627637003,38107.996095139235,0.05787071719969491,2777.9399043664052,0.004218573293698884
musica_estresante,Fp2,4,8.0,10.0,273419.9871075809,236079.1713042676,0.8634305553213963,16215.369214759547,0.05930572006200624,12449.860163186104,0.04553383348045999,7164.998735398862,0.026205102308704646,1510.5876899687612,0.00552478882743272
musica_estresante,Fp2,5,10.0,12.0,2166988.534370755,1665512.5530998695,0.7685839249645579,286511.74186784757,0.1322165472144707,107289.37733859177,0.04951081910996184,92677.3415219852,0.042767804283236156,14997.52054246079,0.006920904427773419
musica_estresante,Fp2,6,12.0,14.0,1890151.4978346056,1574418.9475422336,0.8329591301786754,150763.120302123,0.07976245315512548,74972.14490298694,0.03966462211567511,80347.3274300085,0.04250840608388056,9649.95765725373,0.005105388466643499
musica_estresante,Fp2,7,14.0,16.0,238615.94662904527,166674.44946349668,0.6985050740242874,40885.0788285094,0.1713426089332988,13741.97937283707,0.05759036462973905,14166.185315312801,0.05936814163277903,3148.2536488892993,0.013193810779895636
musica_estresante,Fp2,8,16.0,18.0,266449.1604627995,236119.76036231723,0.8861719059358165,17421.168968195958,0.06538271292706223,5320.079936636527,0.0199665854731762,6998.445331403483,0.026265593478499914,589.7058642462315,0.002213202185444918
musica_estresante,Fp2,9,18.0,20.0,162416.26081671566,82991.25317242728,0.5109787206964559,15601.440903069884,0.09605836770664164,12355.130873366114,0.07607077524896781,31637.23496928865,0.19479105608145234,19831.20089856374,0.1221010802664824
musica_estresante,Fp2,10,20.0,22.0,101345.50007423724,70178.87144940904,0.6924715098154518,15658.507521785064,0.15450619425938944,6943.072837688199,0.06850894053117587,6921.477724236123,0.0682958564432168,1643.5705411188087,0.016217498950766105
musica_estresante,Fp2,11,22.0,24.0,619601.7796064748,568503.5916837463,0.9175305985157398,41886.983311953794,0.06760307134456152,2458.5552411997223,0.003967960264351104,5946.779494136956,0.00959774437367483,805.8698754379094,0.0013006255016726038
musica_estresante,Fp2,12,24.0,26.0,113426.86032817831,89627.0429101991,0.7901747668134416,13124.239167397895,0.11570662477499147,3376.8068270864746,0.029770786366794852,5641.726880114464,0.0497388966228214,1657.044543380374,0.014608925421950688
musica_estresante,Fp2,13,26.0,28.0,83430.98327167326,50387.56263818725,0.6039430516372085,19235.166469192325,0.23055183715811614,5627.731503031518,0.06745373579867975,6734.604815318222,0.08072066936318578,1445.9178459439547,0.017330706042809844
musica_estresante,Fp2,14,28.0,30.0,62484.449124794024,43147.93176785299,0.6905387239899945,10573.282840985778,0.16921462842488702,3574.193929835079,0.05720133537060868,4227.226538596251,0.06765245749632247,961.8140475239318,0.015392854718187488
musica_estresante,Fp2,15,30.0,32.0,215977.62886959102,138989.18030966885,0.6435350783186513,58365.6564530086,0.2702393611712917,10477.849947583683,0.048513589126910416,6537.753828645122,0.030270513954909047,1607.1883306847528,0.007441457428237559
musica_estresante,Fp2,16,32.0,34.0,119681.10174003954,92066.76527658966,0.7692673608283517,18652.60061482431,0.15585251425358534,3085.8619391308275,0.025784036863511314,3727.509528976631,0.03114534771808159,2148.3643805180877,0.017950740336469918
musica_estresante,Fp2,17,34.0,36.0,121155.51840296957,104781.86380957482,0.8648542401598652,10804.681223408727,0.08918026488460719,2177.8350147096803,0.01797553296306395,2056.5548867207513,0.016974504453693497,1334.5834685555772,0.011015457538769988
musica_estresante,Fp2,18,36.0,38.0,52592.34442364986,46092.68055233598,0.8764142587187823,2250.3487710925297,0.042788523610303004,1453.0052637937056,0.0276276952419013,2040.7885330777083,0.038803908733150164,755.5213033499284,0.014365613695862998
musica_estresante,Fp2,19,38.0,40.0,59947.23390840418,46685.462060986334,0.7787759170392908,4400.021354646359,0.07339823821344836,1827.6473665179442,0.030487601301345795,5104.3902924354425,0.0851480537072761,1929.712833818111,0.032190189738639116
musica_estresante,Fp2,20,40.0,42.0,884211.2635441982,820723.5372967821,0.9281984647052139,37106.0834165588,0.04196517839845863,15528.515451919231,0.017561996880333816,6960.667998141684,0.007872177481930196,3892.4593807965252,0.004402182534063543
musica_estresante,Fp2,21,42.0,44.0,16855.080816308004,9759.696943131374,0.5790359031496577,2458.6926295491367,0.1458724912888135,1571.7868601180166,0.09325300051941883,2117.5332873196535,0.125631749286592,947.3710961898196,0.05620685575551782
musica_estresante,Fp2,22,44.0,46.0,214313.05533612802,205575.4973476635,0.9592299313041823,2206.2849157688547,0.010294682758866571,2191.086649277118,0.010223766563547067,3035.530044260604,0.014163999666281117,1304.6563791579485,0.00608761970712297
musica_estresante,Fp2,23,46.0,48.0,465452.30058930407,430988.03647046455,0.9259553254432201,26417.118798678388,0.05675580239958415,2984.0080079176437,0.006410985624390778,3153.0967496390012,0.0067742639700070235,1910.0405626044924,0.004103622562797973
musica_estresante,Fp2,24,48.0,50.0,11892.25397220982,1603.1718277346135,0.13480807183238383,2179.708406807951,0.1832880807878439,2211.2838728542874,0.18594320959018218,3579.0943511740415,0.300960134179591,2318.9955136389276,0.19500050360999913
musica_estresante,Fp2,25,50.0,52.0,22790.446687330394,15010.636666713275,0.6586372295659282,1820.2006451349546,0.07986682622358762,1967.5613588194974,0.0863327246636767,2593.8470862483896,0.11381291125330836,1398.2009304142725,0.061350308293498995
musica_estresante,Fp2,26,52.0,54.0,14039.50868304492,6024.510289162375,0.4291111907953011,840.4956974985948,0.05986646089073156,4445.932812902153,0.3166729629414574,2017.4185438458103,0.1436958079795331,711.1513396359861,0.05065357739297684
musica_estresante,Fp2,27,54.0,56.0,19252.46945990947,13066.328740791907,0.6786832602436108,3876.9673322287363,0.20137506725056595,802.988188162352,0.041708321617362425,1174.5343234051365,0.061006943854705876,331.65087532133737,0.017226407033754977
musica_estresante,Fp2,28,56.0,58.0,80390.78280946882,67719.48175677954,0.8423786831044916,6778.981610711041,0.08432535887575136,2468.2999732442013,0.030703768354815336,3031.7701973522726,0.03771290801506135,392.24927138176065,0.004879281649880385
musica_estresante,Fp2,29,58.0,60.0,19614.434345446487,10445.368167650804,0.5325347641277103,696.7534005239364,0.035522482486765594,2070.7017253686063,0.10557030036654215,4500.726149495722,0.2294599003075799,1900.8849024074177,0.09691255271140206
musica_estresante,Fp2,30,60.0,62.0,61522.02228614799,50128.656071061036,0.8148083272995362,3989.9041830553097,0.06485326773716373,3934.293521108602,0.06394935301069303,2722.223695645991,0.044247955357912774,746.9448152770494,0.012141096594694157
musica_estresante,Fp2,31,62.0,64.0,46071.273368910275,34588.48582542046,0.7507603609836708,4111.232491598014,0.08923635469499196,4393.322621908767,0.09535926187083556,1779.1270761452547,0.03861684182026195,1199.10535383778,0.026027180630239708
musica_estresante,Fp2,32,64.0,66.0,24654.59028401292,8973.564822455937,0.36397136269892816,7915.225092473673,0.3210446817932415,5354.526708897176,0.217181735620619,1606.7546479418297,0.06517060837079566,804.5190122443039,0.03263161151641559
musica_estresante,Fp2,33,66.0,68.0,143323.86976179082,107847.08657618224,0.7524712161025779,16529.480574264235,0.11532957212037881,3905.383819090717,0.0272486629448507,8226.631330068903,0.05739889205993284,6815.2874621847595,0.04755165677225992
musica_estresante,Fp2,34,68.0,70.0,29243.14276095294,14988.101115963835,0.5125338695120272,5547.525042421775,0.18970344903657677,4316.543972304842,0.14760875763560305,2885.6158774602704,0.09867666758831764,1505.356752802212,0.05147725622747523
musica_estresante,Fp2,35,70.0,72.0,15570.384651143124,6839.474193660319,0.4392617361034936,2287.2804328649963,0.14689941733051998,3081.662335194904,0.19791818919313972,2341.2253381772375,0.1503640013161366,1020.742351245667,0.06555665605671004
musica_estresante,Fp2,36,72.0,74.0,18513.58897983064,10252.806892785333,0.5537989907821278,1324.9289304182548,0.0715652125507204,3478.088308389297,0.1878667778667037,2453.416458603849,0.13251976487523234,1004.3483896339111,0.054249253925215894
musica_estresante,Fp2,37,74.0,76.0,21673.957772940834,6597.694530535366,0.3044065416964295,5384.987054839149,0.24845425608248228,4839.4156090390015,0.2232825061180492,2837.390084238794,0.13091241175071286,2014.4704942885248,0.09294428435232625
musica_estresante,Fp2,38,76.0,78.0,24341.04685403619,2586.1692634102906,0.10624724889272609,3570.030886921116,0.1466671054999896,2810.4422536233938,0.11546102640845832,10407.458006296423,0.4275682171233599,4966.946443784971,0.20405640207546621
musica_estresante,Fp2,39,78.0,80.0,110793.87539608614,96563.58116222051,0.8715606419308596,3245.2894604614035,0.029291235177572327,5289.063275932211,0.047737866890420644,4201.063855011142,0.03791783471778032,1494.8776424608723,0.013492421283367076
musica_estresante,Fp2,40,80.0,82.0,24813.521191619435,11841.106922852565,0.477203812849093,2670.326265861877,0.10761577307954817,3110.019822944999,0.12533569092948335,4441.2635831280795,0.1789856243630622,2750.8045968319175,0.11085909877881336
musica_estresante,Fp2,41,82.0,84.0,22964.82920609357,5914.150098110362,0.2575307678117231,4555.3026355255015,0.1983599614281817,5252.750041016567,0.22873020277558967,4752.386000651912,0.20694192663061026,2490.240430789229,0.10843714135389518
musica_estresante,Fp2,42,84.0,86.0,39025.80947719687,15087.18750981629,0.386595120304471,10681.258278178173,0.27369728959547474,7085.6297045511465,0.18156265813503097,5041.5235123358725,0.12918434184643063,1130.2104723153798,0.028960590118592464
musica_estresante,Fp2,43,86.0,88.0,19217.772797857193,10058.111746875997,0.5233755156059233,2965.0576945837165,0.15428726969414086,2518.12110557582,0.13103085003984405,2337.6216101780246,0.12163852881217706,1338.860640643631,0.06966783584791449
musica_estresante,Fp2,44,88.0,90.0,121260.33468285055,103368.2024321983,0.8524485991445753,10913.04732287869,0.08999684316739798,3545.4514892005745,0.029238344908691698,2710.3384893602233,0.02235140201821938,723.2949492127628,0.005964810761115737
musica_estresante,Fp2,45,90.0,92.0,223717.6945022929,198713.03946990924,0.8882312143971813,11637.13800076207,0.05201706564450046,4209.809068183276,0.018817506042822778,6587.076377049064,0.02944369863860524,2570.6315863892455,0.011490515276890174
musica_estresante,Fp2,46,92.0,94.0,38527.06301825264,18507.00616335681,0.4803637940060187,7049.585426040563,0.1829774935790133,10472.950623943705,0.27183361002581546,1890.722223377674,0.049075171457578344,606.7985815338905,0.015749930931574323
musica_estresante,Fp2,47,94.0,96.0,127131.19491112304,102375.83104786783,0.8052770299173103,14904.412950632577,0.11723647340097919,5883.149597248311,0.046276207828937654,2808.05814349728,0.022087876586548122,1159.7431718770222,0.009122412266224624
