participant,state,file,window_id,window_start_sec,window_end_sec,duration_file_sec,n_peaks_total,synthetic,HR_mean,HR_min,HR_max,RR_mean,RR_median,SDNN,RMSSD,pNN50,NN_count,ECG_mean,ECG_std,ECG_rms,ECG_ptp,ECG_energy,ECG_skew,ECG_kurtosis,HR_mean_delta_basal,HR_mean_ratio_basal,RR_mean_delta_basal,RR_mean_ratio_basal,SDNN_delta_basal,SDNN_ratio_basal,RMSSD_delta_basal,RMSSD_ratio_basal,pNN50_delta_basal,pNN50_ratio_basal
P01,basal,P01_basal_ECGv2.txt,1,0.0,30.0,302.7,363,False,78.81277868794164,70.25761124121786,132.74336283185838,768.4736842105262,772.5,62.235271498501405,57.915362290062504,8.108108108108109,38,0.0010929475647873275,1.0777657575825703,1.0777663117540421,8.978856405120698,1.1615802227519112,1.8094714875113098,8.171182045676533,6.544004196346094,1.0905509224749221,-68.09889745862961,0.9185977416056876,10.560255770430047,1.2043590238269326,25.93056369950275,1.8107152410569218,-1.5460900863003122,0.8398530820305941
P01,basal,P01_basal_ECGv2.txt,2,15.0,45.0,302.7,363,False,77.94085463666015,70.25761124121786,86.58008658008596,771.657894736842,768.9999999999984,38.340773805292436,25.668889572629666,5.405405405405405,38,0.0001731821683218551,1.0647912822513625,1.0647912963349035,9.093754285106098,1.1337805047505645,1.908419770293478,8.751273873135046,5.672080145064598,1.078485904665842,-64.91468693231388,0.9224039989419758,-13.334241922778922,0.7419595962399412,-6.315909017930089,0.8025340381604211,-4.248792789003016,0.5599020546870627
P01,basal,P01_basal_ECGv2.txt,3,30.0,60.0,302.7,363,False,80.10849784893311,71.59904534606258,95.38950715421338,752.2564102564104,753.9999999999977,49.11625197251174,21.302952599901595,0.0,39,1.529137105341351e-05,1.0579351430022395,1.0579351431127502,8.985186345289756,1.119226767032995,1.851201639470661,8.370166646294361,7.8397233573375615,1.1084800927162433,-84.31617141274546,0.899212365716654,-2.5587637555596174,0.9504835418140062,-10.68184599065816,0.6660336640728173,-9.654198194408421,0.0
P01,basal,P01_basal_ECGv2.txt,4,45.0,75.0,302.7,363,False,76.59266086379704,64.23982869378935,95.38950715421338,792.1081081081081,783.9999999999989,83.49277539729756,27.263121203886264,11.11111111111111,37,-0.00024100814309253735,1.014978929769417,1.014978958383274,8.465312700034824,1.030182285960796,1.9836355783361754,9.41482336714738,4.3238863722014855,1.059830630899993,-44.464473561047726,0.9468492339632614,31.817759669226206,1.615728108079547,-4.721677386673491,0.8523774544552836,1.4569129167026897,1.1509097790789622
P01,basal,P01_basal_ECGv2.txt,5,60.0,90.0,302.7,363,False,67.87379771452412,61.72839506172786,80.86253369272188,887.030303030303,890.0000000000006,51.45840847743252,28.817312504811586,15.625,33,-0.0008809165738004249,0.9650179516023761,0.9650183536746106,8.422561222494236,0.9312604229288559,2.1424589421155065,11.145596585950257,-4.3949767770714345,0.9391856744771209,50.45772136114715,1.0603148160324265,-0.21660725063883746,0.995808278960597,-3.1674860857481697,0.9009690157410263,5.970801805591579,1.6184668768297905
P01,basal,P01_basal_ECGv2.txt,6,75.0,105.0,302.7,363,False,66.65399435833501,61.224489795919006,73.52941176470694,901.6875,898.0000000000032,37.61557458836608,29.04557042459714,9.67741935483871,32,6.855362777246057e-05,0.9627565129573897,0.9627565153980898,8.390050731222937,0.9269001079414723,2.1581970607600156,11.4934764032412,-5.614780133260538,0.9223069690504645,65.11491833084415,1.0778353483698029,-14.059441139705278,0.7279257501596118,-2.9392281659626143,0.9081054658624576,0.02322116043028899,1.0024052914558703
P01,basal,P01_basal_ECGv2.txt,7,90.0,120.0,302.7,363,False,68.41714969266062,61.224489795919006,79.05138339920946,880.2121212121212,887.0000000000005,53.525553229133884,32.84385406739003,9.375,33,-0.00023047287367881992,0.9754820929622371,0.975482120188644,8.390050731222937,0.9515653668077321,2.1511713448708956,11.189433077514234,-3.8516247989349353,0.9467041633675017,43.639539542965395,1.052164678234965,1.8505375010625258,1.0358110679791677,0.859055476830278,1.0268582424991048,-0.279198194408421,0.9710801260978743
P01,basal,P01_basal_ECGv2.txt,8,105.0,135.0,302.7,363,False,69.59181694687084,61.287027579161574,79.05138339920946,865.2647058823533,862.49999999999,52.42154820851515,35.62430222602296,12.121212121212121,34,-0.0006323979430291728,0.9879437260785167,0.9879439284823109,8.435190538355348,0.9760332058250616,2.1367688661815634,10.907144866304112,-2.676957544724715,0.9629583099539618,28.692124213197417,1.0342972323524517,0.7465324804437898,1.014446681242871,3.639503635463207,1.113788543178052,2.4670139268037,1.2555379408134133
P01,basal,P01_basal_ECGv2.txt,9,120.0,150.0,302.7,363,False,68.94938363239254,61.287027579161574,77.51937984496115,872.8529411764712,862.49999999999,48.92302695914243,38.36191292983775,21.21212121212121,34,3.843754213723134e-05,1.001942594234106,1.0019425949713963,8.560214647208612,1.0038889636180155,2.1190792080994565,10.806166171970427,-3.3193908592030112,0.9540688093501705,36.280359507315325,1.0433678563011564,-2.751988768928925,0.9467443070862199,6.377114339277995,1.1993795371642637,11.55792301771279,2.1971913964234733
P01,basal,P01_basal_ECGv2.txt,10,135.0,165.0,302.7,363,False,70.72537653292463,62.24066390041503,76.62835249042273,850.7941176470586,847.4999999999966,46.99760110690764,31.484002671871576,12.121212121212121,34,6.400309914930803e-05,1.010565812422495,1.0105658144492788,8.509424185819459,1.0212432653335342,2.1106400344181098,10.639447526177047,-1.5433979586709228,0.978643640084828,14.221535977902704,1.016999763427015,-4.67741462116372,0.9094840213348437,-0.5007959186881799,0.9843426896289418,2.4670139268037,1.2555379408134133
P01,basal,P01_basal_ECGv2.txt,11,150.0,180.0,302.7,363,False,75.88083050271801,68.80733944954241,91.74311926605556,795.3888888888886,802.9999999999973,59.72665247503008,26.822698276965788,0.0,36,-0.00013791616766760164,1.0279455800081405,1.0279455892600258,8.382290097670031,1.0566721344791417,2.042388594938413,9.731696231165166,3.612056011122462,1.0499808670692559,-41.18369278026728,0.950770926895433,8.051636746958721,1.1558129520333138,-5.162100313593967,0.8386076967476184,-9.654198194408421,0.0
P01,basal,P01_basal_ECGv2.txt,12,165.0,195.0,302.7,363,False,76.64892293022037,69.36416184971253,91.74311926605556,786.5405405405406,800.0000000000114,53.20170976502576,25.99465757078398,0.0,37,-0.00012985727778814499,1.0294285951949815,1.029428603385405,8.307979740767488,1.0597232494680255,2.0218298200498928,9.446817279779397,4.380148438624815,1.060609142322376,-50.03204112861522,0.9401940223419829,1.526694036954403,1.0295441426663188,-5.990141019775777,0.8127191264682919,-9.654198194408421,0.0
P01,basal,P01_basal_ECGv2.txt,13,180.0,210.0,302.7,363,False,75.39804275408702,70.92198581560253,79.6812749003999,796.5135135135135,795.0000000000159,24.591802633334993,22.718690298719917,2.7777777777777777,37,9.333270070116851e-05,1.0217803469558693,1.0217803512185237,8.240557837373602,1.0440350861362495,2.0484241723525165,9.653110928878506,3.1292682624914647,1.0433004196418936,-40.05906815564231,0.9521152509257294,-27.083213094736365,0.47589347166808926,-9.266108291839839,0.7102964939546403,-6.876420416630643,0.28772744476974055
P01,basal,P01_basal_ECGv2.txt,14,195.0,225.0,302.7,363,False,72.69538570296639,65.35947712418255,79.6812749003999,828.1999999999999,816.0000000000025,49.512802860057576,20.931962612800138,2.941176470588235,35,0.00038410731099430297,0.9968391110003952,0.9968391850035212,8.214137442809424,0.9936883607584844,2.090572076329137,10.33266594464827,0.42661121137084024,1.0059031194920907,-8.37258166915592,0.9899918048324622,-2.162212868013782,0.9581574802145787,-11.052835977759617,0.6544347169651449,-6.7130217238201855,0.30465258857972527
P01,basal,P01_basal_ECGv2.txt,15,210.0,240.0,302.7,363,False,69.16439422519831,65.21739130434669,75.94936708860835,868.9393939393941,867.999999999995,35.67819659289537,24.16803157065425,3.125,33,0.0005468048184652159,0.9766352514726654,0.9766354045469505,8.273474031867575,0.9538167134145857,2.1488841010154083,11.101451343900232,-3.104380266397243,0.9570439614032992,32.366812270238256,1.038689783743162,-15.99681913517599,0.6904341699796318,-7.816767019905505,0.7556099345827174,-6.529198194408421,0.3236933753659581
P01,basal,P01_basal_ECGv2.txt,16,225.0,255.0,302.7,363,False,71.2181965405052,63.89776357827524,76.72634271099639,844.5142857142856,836.9999999999891,42.59893082652463,27.64640174438381,5.88235294117647,35,-0.00022000726525317222,0.9986549185269287,0.9986549427611239,8.260151328357946,0.9973116947012236,2.063595997792548,10.085431802359905,-1.0505779510903466,0.9854629062346626,7.941704045129768,1.0094931440727883,-9.076084901546729,0.824362222755622,-4.338396846175947,0.8643606638981177,-3.771845253231951,0.6093051771594505
P01,basal,P01_basal_ECGv2.txt,17,240.0,270.0,302.7,363,False,71.70309842698039,64.5161290322576,78.22685788787525,839.2571428571426,831.9999999999936,46.81901502666723,24.517700688670097,5.88235294117647,35,-0.000584696569192961,0.9832434199638476,0.9832435938119714,8.088432043712432,0.966767964772281,2.069708281840998,10.129079019664623,-0.5656760646151611,0.9921726074837349,2.6845611879867874,1.0032089997291453,-4.8560007014041275,0.9060280750187327,-7.467097901889659,0.7665422878700398,-3.771845253231951,0.6093051771594505
P01,basal,P01_basal_ECGv2.txt,18,255.0,285.0,302.7,363,False,68.16810507046537,58.65102639296373,78.22685788787525,885.7812500000009,888.4999999999934,71.69817308825598,48.62297346303225,22.58064516129032,32,-0.0019709219636810135,0.9283566401048323,0.9283587322582365,7.981624184301156,0.86184993576012,2.1681522223844736,11.514428664896691,-4.100669421130178,0.9432580744591558,49.20866833084506,1.0588217560664759,20.023157360184626,1.3874823660538815,16.638174872472497,1.5201900779635742,12.9264469668819,2.338945680063697
P01,basal,P01_basal_ECGv2.txt,19,270.0,300.0,302.7,363,False,66.56342827213471,58.13953488372193,80.53691275167736,907.406250000001,914.999999999992,73.87123032246326,57.960776503614035,35.483870967741936,32,0.00013099428838474152,0.9133356416792952,0.9133356510731603,7.981624184301156,0.8341820115212335,2.1379815977132632,11.371973456304577,-5.705346219460836,0.9210537848524838,70.83366833084517,1.0846712764474251,22.196214594391904,1.4295347428860923,25.97597791305428,1.8121351097305654,25.829672773333513,3.6754860686715243
P01,cognitivo,P01_cognitiva_ECGv2.txt,1,0.0,30.0,305.1,380,False,71.50834732594453,62.959076600209904,121.21212121212123,849.3823529411765,843.9999999999994,81.12691691936378,81.48452167575923,6.0606060606060606,34,-0.002707245529964242,1.1163404670246755,1.116343749700436,11.028240491924763,1.2462233674952297,1.452156412793546,6.774624354393891,-0.7604271656510235,0.989477790774777,12.809771272020612,1.01531220548307,29.45190119129242,1.5699446971874516,49.49972308519947,2.5476015253011224,-3.5935921338023604,0.6277689704067067
P01,cognitivo,P01_cognitiva_ECGv2.txt,2,15.0,45.0,305.1,380,False,70.79922496814532,62.959076600209904,76.1421319796954,849.4999999999999,839.0000000000005,43.180558195333674,19.35395973892035,0.0,34,-0.00021107721424882834,1.028644112572702,1.0286441342291666,9.138128589265964,1.0581087548840717,1.9381756439168358,9.050434559934585,-1.469549523450226,0.9796654982212113,12.927418330844034,1.015452835311732,-8.494457532737684,0.8356177078409045,-12.630838851639407,0.6050986903707635,-9.654198194408421,0.0
P01,cognitivo,P01_cognitiva_ECGv2.txt,3,30.0,60.0,305.1,380,False,75.22412578917441,67.87330316742079,83.44923504867859,800.3513513513512,794.0000000000041,47.54542635803752,18.366636418607136,0.0,37,0.0006400647920766795,1.0215116766287202,1.0215118771564806,8.698528368622043,1.043486515171757,1.9421608742382492,8.890840722011788,2.955351297578858,1.0408938897659397,-36.22123031780461,0.9567028239850571,-4.129589370033841,0.9200853775881769,-13.61816217195262,0.5742301727054805,-9.654198194408421,0.0
P01,cognitivo,P01_cognitiva_ECGv2.txt,4,45.0,75.0,305.1,380,False,78.47086081434074,72.72727272727248,83.44923504867859,765.4736842105262,763.9999999999993,26.00804121192831,20.086300292971718,0.0,38,0.00013418228886689,1.0192394216706464,1.0192394305031574,8.698528368622043,1.0388490166924005,1.8962356769408837,8.48710156617159,6.202086322745188,1.0858197245819694,-71.09889745862961,0.9150116809748046,-25.666974516143046,0.5033001121623267,-11.898498297588038,0.6279952095399515,-9.654198194408421,0.0
P01,cognitivo,P01_cognitiva_ECGv2.txt,5,60.0,90.0,305.1,380,False,74.13697154845325,67.56756756756825,82.87292817679597,811.8333333333335,816.4999999999977,45.43661204673712,20.630075133162673,0.0,36,0.0007311200676840781,0.9896161070077575,0.9896163770804032,8.061073261780184,0.9793405737857428,2.0323750052472005,9.502659404805065,1.8681970568576958,1.0258506812935504,-24.739248335822367,0.9704278518350891,-6.2384036813342405,0.8792762112707909,-11.354723457397082,0.6449962495387291,-9.654198194408421,0.0
P01,cognitivo,P01_cognitiva_ECGv2.txt,6,75.0,105.0,305.1,380,False,75.40937986137769,67.56756756756825,86.3309352517994,800.027027027027,816.9999999999931,58.964436780187675,20.603397778034942,2.7777777777777777,37,0.00022157236590886455,1.0007410377725061,1.0007410623014856,8.170383689347657,1.0014826737763058,2.035303194521011,9.34169721211005,3.1406053697821363,1.043457293857216,-36.54555464212888,0.9563151417546915,7.289421052116317,1.141062773748833,-11.381400812524813,0.644162185974058,-6.876420416630643,0.28772744476974055
P01,cognitivo,P01_cognitiva_ECGv2.txt,7,90.0,120.0,305.1,380,False,75.81374050241045,67.56756756756825,86.3309352517994,795.5833333333331,807.0000000000022,57.80379374598642,21.412946684524883,2.857142857142857,36,-0.000814389677708899,0.9864208468628115,0.9864211830430719,8.170383689347657,0.9730267503560935,2.0454696754199726,9.588005320604573,3.5449660108149033,1.0490525269835198,-40.98924833582271,0.9510033567511385,6.12877801791506,1.11860234450951,-10.571851906034873,0.6694726128694419,-6.797055337265563,0.29594822890601885
P01,cognitivo,P01_cognitiva_ECGv2.txt,8,105.0,135.0,305.1,380,False,69.01762985123639,62.1118012422355,74.07407407407386,870.8484848484853,872.0000000000141,37.076880609856374,23.917828078654313,3.125,33,0.0004359908410549553,0.9469068993010846,0.9469069996742066,8.233993661224053,0.8966328660320079,2.1040420557040824,10.688227647561314,-3.2511446403591577,0.9550131483032517,34.275903179329475,1.0409718223264515,-14.598135118214984,0.7175010996603364,-8.066970511905442,0.7477873593899574,-6.529198194408421,0.3236933753659581
P01,cognitivo,P01_cognitiva_ECGv2.txt,9,120.0,150.0,305.1,380,False,67.77284104400132,62.1118012422355,73.80073800737857,886.5151515151518,889.00000000001,33.131481641445184,27.31357263339715,6.25,33,0.0009492599344589113,0.9520322393053311,0.9520327125530648,8.233993661224053,0.9063662857711464,2.1235040462780437,10.803682625205932,-4.495933447594226,0.9377887133243545,49.94256984599599,1.0596990278432852,-18.543534086626174,0.6411508767755867,-4.671225957162605,0.8539548109413042,-3.404198194408421,0.6473867507319162
P01,cognitivo,P01_cognitiva_ECGv2.txt,10,135.0,165.0,305.1,380,False,71.55600651277827,64.3776824034343,78.3289817232356,840.714285714286,834.0000000000032,44.102535226959944,28.798999165613758,5.88235294117647,35,-4.695360486870381e-05,0.9716779637965431,0.9716779649309936,7.886238498040891,0.9441580675324371,2.1093408267376437,10.21716960637895,-0.7127679788172827,0.9901372621324833,4.1417040451301546,1.0049508006070036,-7.572480501111414,0.8534595414356532,-3.1857994249459978,0.9003964518980501,-3.771845253231951,0.6093051771594505
P01,cognitivo,P01_cognitiva_ECGv2.txt,11,150.0,180.0,305.1,380,False,75.53575357816207,71.09004739336542,80.42895442359149,795.0270270270271,793.0000000000064,23.968134501279355,21.52840500878306,0.0,37,0.00018047733157072112,0.9799943256754318,0.9799943422939296,7.783063286904783,0.9603889109281115,2.0662649842759477,9.560743698097903,3.266979086566522,1.0452059566465521,-41.545554642128764,0.9503383740365531,-27.706881226792003,0.46382442585806843,-10.456393581776695,0.6730824003105376,-9.654198194408421,0.0
P01,cognitivo,P01_cognitiva_ECGv2.txt,12,165.0,195.0,305.1,380,False,79.30755146145825,73.98273736128172,86.95652173913072,758.1315789473682,768.4999999999889,34.80538250750437,19.084449591653303,0.0,38,-0.0016803089192770088,0.9897657101489106,0.9897671364642501,8.035614430205857,0.9796389844246415,2.011717653923322,9.072812381782596,7.038776969862695,1.0973972095054865,-78.44100272178764,0.906235269430801,-16.86963322056699,0.6735437235406023,-12.900348998906452,0.5966724954549515,-9.654198194408421,0.0
P01,cognitivo,P01_cognitiva_ECGv2.txt,13,180.0,210.0,305.1,380,False,81.2770582067465,73.98273736128172,87.08272859216345,739.45,739.0000000000043,30.846975499001356,21.517434791354233,0.0,40,0.0004931032892373836,1.017742620006305,1.0177427394622631,8.054947211396772,1.035800283728152,1.9429448607995035,8.308513980073618,9.008283715150952,1.1246497367434751,-97.1225816691558,0.8839041778355038,-20.82804022907,0.5969417728158405,-10.467363799205522,0.6727394180842227,-9.654198194408421,0.0
P01,cognitivo,P01_cognitiva_ECGv2.txt,14,195.0,225.0,305.1,380,False,78.23305191206794,68.88633754305323,87.08272859216345,769.421052631579,763.0000000000052,44.654004135670895,23.534333745930894,0.0,38,0.003138573929794646,0.9965483765435478,0.9965533189136913,7.98308775389984,0.9931185174378933,1.9949723485253514,8.915161871716496,5.964277420472385,1.0825291069681278,-67.15152903757689,0.919730181804914,-7.021011592400463,0.8641314086995731,-8.450464844628861,0.7357974657647837,-9.654198194408421,0.0
P01,cognitivo,P01_cognitiva_ECGv2.txt,15,210.0,240.0,305.1,380,False,73.21500085630029,67.03910614525276,82.07934336525369,820.9714285714289,828.000000000003,34.563229113070705,22.185713474051482,0.0,35,-0.00030150210768568815,0.9617576355277951,0.9617576827868526,7.96244640723296,0.9249778403995361,2.1104592169616048,10.23007217260277,0.9462263647047422,1.0130931563647143,-15.601153097726979,0.9813511063599538,-17.111786615000653,0.66885764089463,-9.799085116508273,0.6936330523150316,-9.654198194408421,0.0
P01,cognitivo,P01_cognitiva_ECGv2.txt,16,225.0,255.0,305.1,380,False,72.82959095804338,67.03910614525276,79.57559681697711,825.1944444444442,830.5000000000007,33.49099618400202,23.470346031899915,0.0,36,-0.0006454278355649378,0.9774191163152683,0.9774193294157892,7.805195979339091,0.9553485455156112,2.100705803958768,10.01833070087242,0.5608164664478323,1.0077601491154808,-11.378137224711622,0.9863991033485587,-18.184019544069336,0.6481080985101423,-8.51445255865984,0.7337968993441508,-9.654198194408421,0.0
P01,cognitivo,P01_cognitiva_ECGv2.txt,17,240.0,270.0,305.1,380,False,75.89925334645564,68.57142857142857,83.21775312066532,792.3243243243251,786.9999999999777,38.55303277741329,22.61390919078144,2.7777777777777777,37,0.000471561453024513,0.987337217719153,0.987337330330218,7.792191033058748,0.974835003863602,2.05552982230563,9.558611497174615,3.630478854860087,1.0502357882833933,-44.24825734483079,0.947107688783506,-13.121982950658065,0.7460671706476167,-9.370889399778317,0.7070205281034937,-6.876420416630643,0.28772744476974055
P01,cognitivo,P01_cognitiva_ECGv2.txt,18,255.0,285.0,305.1,380,False,79.5770619303664,73.89162561576246,84.38818565401367,754.9210526315786,749.4999999999834,27.094810093396752,22.812395871665416,2.7027027027027026,38,-0.001421910543371076,0.9906125969222418,0.9906136174163068,7.774088481192717,0.9813153390106212,2.0170589644686925,9.114076938974126,7.308287438770847,1.101126489139798,-81.65152903757723,0.9023975554223119,-24.580205634674606,0.5243309501051215,-9.17240271889434,0.7132261848413967,-6.951495491705718,0.27995102734353133
P01,cognitivo,P01_cognitiva_ECGv2.txt,19,270.0,300.0,305.1,380,False,80.21652676849493,73.08160779536915,86.20689655172087,749.0000000000002,745.0000000000045,28.479909816536207,21.766705623134534,2.631578947368421,39,0.00033351428024626573,0.9900992114620217,0.990099267634055,7.794868392467397,0.980296559769492,2.0192640152337105,8.876945876494545,7.947752276899379,1.1099749142393946,-87.57258166915562,0.8953198041771485,-23.19510591153515,0.5511350004498421,-10.218092967425221,0.6805328337930797,-7.02261924704,0.27258389504501734
P01,recuperacion,P01_recuperacion_ECGv2.txt,1,0.0,30.0,305.4,363,False,80.33077464137855,67.18924972004478,89.28571428571468,750.8947368421052,733.0000000000023,57.175306271380606,19.983100968676748,2.7027027027027026,38,0.0002140614139857386,1.08412857613962,1.0841285972728554,11.873018060297504,1.175334815424809,1.7371196058828828,8.008707395851069,8.062000149783003,1.1115557888797543,-85.67784482705065,0.8975846845756007,5.500290543309248,1.1064400361724773,-12.001697621883007,0.6247686979206027,-6.951495491705718,0.27995102734353133
P01,recuperacion,P01_recuperacion_ECGv2.txt,2,15.0,45.0,305.4,363,False,81.70950806228667,75.56675062972322,89.28571428571468,735.5128205128203,734.9999999999994,30.04721880016222,19.31865746670211,0.0,39,-0.0015024836854418723,1.0378760593947784,1.0378771469312054,8.023672937357064,1.0771889721220587,1.9802390786166204,8.739822224348114,9.440733570691123,1.1306336469257414,-101.05976115633553,0.8791978563836053,-21.627796927909138,0.5814651118497813,-12.666141123857646,0.6039949700481769,-9.654198194408421,0.0
P01,recuperacion,P01_recuperacion_ECGv2.txt,3,30.0,60.0,305.4,363,False,78.44641278524404,70.42253521126729,84.15147265077128,766.2564102564104,759.0000000000003,33.769900915271776,23.584673881681713,5.263157894736842,39,0.0007785581344591717,1.0400379684515155,1.0400382598604363,8.110741990115498,1.0816795819735243,2.010860951541711,8.996459613848208,6.177638293648485,1.0854814314634174,-70.31617141274546,0.9159473153274419,-17.90511481279958,0.65350538242656,-8.400124708878042,0.7373713426678472,-4.391040299671579,0.5451677900900347
P01,recuperacion,P01_recuperacion_ECGv2.txt,4,45.0,75.0,305.4,363,False,76.9470724079376,70.42253521126729,85.1063829787219,781.578947368421,786.999999999999,38.09705357050491,28.181362443806698,13.513513513513514,38,0.00018885972608858736,1.0237222636463341,1.0237222810670727,8.073717160718488,1.0480073087531705,2.035193299577221,9.350334897894708,4.678297916342046,1.0647347066454835,-54.99363430073481,0.9342631643616507,-13.577962157566446,0.737243192551357,-3.8034361467530573,0.8810861310886718,3.859315319105093,1.3997551367176568
P01,recuperacion,P01_recuperacion_ECGv2.txt,5,60.0,90.0,305.4,363,False,74.46065902680543,63.15789473684192,85.1063829787219,809.4166666666666,800.5000000000031,55.66500567809934,33.32566578479607,17.142857142857142,36,-0.0014055182127174063,1.0016453108201362,1.0016462969379027,8.244995436781254,1.0032953041694133,2.0780418718794094,9.981468866732982,2.19188453520988,1.0303296209272899,-27.155915002489223,0.9675390807713219,3.989989950027983,1.077213134699841,1.340867194236317,1.0419220146232864,7.488658948448721,1.775689373436113
P01,recuperacion,P01_recuperacion_ECGv2.txt,6,75.0,105.0,305.4,363,False,70.20514411573465,62.89308176100672,80.97165991902838,857.735294117647,867.5000000000068,51.69215919883901,33.40205038162815,15.151515151515152,34,7.789996161013614e-05,0.982632608080823,0.9826326111686526,8.244995436781254,0.9655668485321244,2.1227273230709414,10.689355824901638,-2.063630375860896,0.9714450619873056,21.162712448491106,1.025296923318078,0.01714347076764966,1.0003317555016888,1.417251791068395,1.0443101677522113,5.497316957106731,1.5694224260167666
P01,recuperacion,P01_recuperacion_ECGv2.txt,7,90.0,120.0,305.4,363,False,67.9860451245236,59.05511811023591,73.26007326007303,884.5757575757576,874.0000000000094,44.327636909036386,34.21987726453615,15.625,33,0.0017730810931927844,0.9710483439219456,0.97104996269508,8.211116286763964,0.9429380300501162,2.161667784258132,11.175568932449329,-4.282729367071951,0.9407388682428812,48.00317590660177,1.0573807664253403,-7.347378819034972,0.8578156442622297,2.235078673976396,1.0698794043566706,5.970801805591579,1.6184668768297905
P01,recuperacion,P01_recuperacion_ECGv2.txt,8,105.0,135.0,305.4,363,False,67.79534625326119,59.05511811023591,73.26007326007303,887.0000000000005,878.9999999999907,43.588272505343205,33.27536626395058,15.625,33,0.0014230045615838223,0.9729247552517284,0.9729257958979287,8.243581328300666,0.946584604323618,2.183789531074318,11.333192121826132,-4.473428238334364,0.9381001231886864,50.4274183308446,1.0602785931977716,-8.086743222728153,0.8435076775731836,1.2905676733908251,1.0403494075392343,5.970801805591579,1.6184668768297905
P01,recuperacion,P01_recuperacion_ECGv2.txt,9,120.0,150.0,305.4,363,False,67.6545156435866,60.913705583757256,72.11538461538517,888.28125,884.9999999999909,36.64585033498686,30.926551907760402,12.903225806451612,32,-0.0007495267649564579,0.9664104498710089,0.9664107405292314,8.234938751084583,0.9339497194102573,2.1770534191000497,11.537506294802816,-4.614258848008944,0.9361514169782199,51.70866833084415,1.061810139925544,-15.029165393084497,0.7091599261009954,-1.0582466827993535,0.9669140738903482,3.249027612043191,1.3365403886078269
P01,recuperacion,P01_recuperacion_ECGv2.txt,10,135.0,165.0,305.4,363,False,71.107770163803,60.913705583757256,81.63265306122298,847.9117647058827,852.0000000000039,59.87783909739315,30.218898361485227,9.090909090909092,34,-0.0012832728084248154,0.9893699553327283,0.989370787573691,8.16865761019595,0.9788545553041855,2.128062765233415,10.699172349572473,-1.1610043277925541,0.9839349105341814,11.339183036726808,1.0135543326247944,8.202823369321791,1.158738671943273,-1.7659002290745285,0.944789390370095,-0.5632891034993293,0.94165345561006
P01,recuperacion,P01_recuperacion_ECGv2.txt,11,150.0,180.0,305.4,363,False,70.47114065209101,62.6959247648907,81.63265306122298,856.0588235294117,859.9999999999994,63.133788281841426,29.200456617429655,9.090909090909092,34,0.00016441799110550383,0.9845019511709243,0.9845019649003413,8.056251539435245,0.9692441188926328,2.155861533462531,10.802456399502711,-1.7976338395045417,0.9751257185118921,19.48624186025586,1.0232929482596433,11.458772553770068,1.2217468614633693,-2.7843419731301005,0.9129479597863751,-0.5632891034993293,0.94165345561006
P01,recuperacion,P01_recuperacion_ECGv2.txt,12,165.0,195.0,305.4,363,False,66.37197732359924,56.2324273664476,77.61966364812459,910.0937499999997,906.9999999999823,76.40653551467169,49.876945349720934,12.903225806451612,32,-0.0003520431159324717,0.9621669941028294,0.962167058506593,8.142261042008014,0.9257654484752296,2.190362854762593,11.53888063522879,-5.896797167996311,0.918404633128488,73.5211683308438,1.087883789095923,24.73151978660033,1.4785972377201515,17.89214675916118,1.5593953236410876,3.249027612043191,1.3365403886078269
P01,recuperacion,P01_recuperacion_ECGv2.txt,13,180.0,210.0,305.4,363,False,67.10335577942477,56.2324273664476,77.61966364812459,900.6363636363637,868.9999999999998,79.29565647854656,47.26355625638015,15.625,33,-0.0007475356061283588,0.9787503551750757,0.9787506406459305,8.16015288384799,0.9579528165648195,2.1396847402563033,11.079631078655764,-5.165418712170776,0.9285248885357605,64.06378196720789,1.0765788687926945,27.620640750475204,1.5345066733181636,15.278757665820393,1.4776880999441369,5.970801805591579,1.6184668768297905
P01,recuperacion,P01_recuperacion_ECGv2.txt,14,195.0,225.0,305.4,363,False,66.18935703075809,62.500000000001336,72.37635705669413,908.3125000000001,927.0000000000067,40.81147648521467,23.796855308646563,6.451612903225806,32,0.0005089898543996761,0.9696020456476103,0.9696021792439942,8.248322835626748,0.9401283859947026,2.1497598250227816,11.341767009854319,-6.079417460837462,0.9158776732606076,71.73991833084426,1.0857545655963365,-10.863539242856689,0.7897719218892216,-8.187943281913192,0.7440051636176366,-3.202585291182615,0.6682701943039134
P01,recuperacion,P01_recuperacion_ECGv2.txt,15,210.0,240.0,305.4,363,False,65.74877338974831,62.1118012422355,71.42857142857113,913.6774193548391,915.9999999999968,32.02539315061689,27.884882403672325,6.666666666666667,31,-0.0003210786670074318,0.958279572906405,0.958279626696296,8.25064130823469,0.9182998429411923,2.1846504548988257,11.745106031443848,-6.520001101847242,0.9097812139791372,77.10483768568326,1.0921675409584202,-19.649622577454465,0.6197461713247197,-4.09991618688743,0.8718167264590025,-2.987531527741754,0.6905458674473773
P01,recuperacion,P01_recuperacion_ECGv2.txt,16,225.0,255.0,305.4,363,False,68.65111825661445,62.1118012422355,76.14213197969438,876.3333333333337,885.9999999999957,45.97395095776032,31.085064741767244,9.375,33,-0.0001110425898643727,0.9839935802753306,0.9839935865408475,8.236272304773472,0.9682433783535203,2.1195620851885297,10.864833441207573,-3.617656234981098,0.9499416413183842,39.76075166417786,1.047528155399076,-5.701064770311035,0.8896746388949031,-0.8997338487925113,0.9718699542144978,-0.279198194408421,0.9710801260978743
P01,recuperacion,P01_recuperacion_ECGv2.txt,17,240.0,270.0,305.4,363,False,71.99965817973437,65.71741511500468,81.85538881309641,835.7142857142857,837.0000000000175,44.699369273463354,30.029887073500195,11.76470588235294,35,0.0005775322382181017,1.0135317557457413,1.0135319202908861,8.792903596572245,1.0272469534485311,2.0522182731820955,9.990717943520348,-0.26911631186118257,0.9962761744092882,-0.8582959548701865,0.9989740328888645,-6.975646454608004,0.86500930176169,-1.9549115170595606,0.9388799803905425,2.1105076879445193,1.218610354318901
P01,recuperacion,P01_recuperacion_ECGv2.txt,18,255.0,285.0,305.4,363,False,74.01415138223747,63.22444678608981,83.79888268156328,814.7500000000006,819.9999999999932,59.05947365640512,40.02570602572462,20.0,36,0.00022603905960105254,1.0115453576092153,1.0115453828644623,8.797552573094368,1.0232240615944115,2.0410470065259068,9.76965060214587,1.7453768906419214,1.0241511898177393,-21.822581669155284,0.9739142996706703,7.3844579283337595,1.142901899966376,8.040907435164861,1.2513977823683442,10.345801805591579,2.0716376023421317
P01,recuperacion,P01_recuperacion_ECGv2.txt,19,270.0,300.0,305.4,363,False,72.9871204141507,63.22444678608981,83.79888268156328,825.9722222222225,823.4999999999957,57.68212702196394,36.80605540242197,11.428571428571429,36,-0.00046086837893208966,1.0020144027072593,1.0020145086935857,8.264927368095115,1.004033075632448,2.0638271607049923,9.876470337656814,0.7183459225551445,1.0099399211846145,-10.60035944693334,0.9873288227713809,6.007111293892585,1.1162478851579594,4.821256811862213,1.150735881553595,1.7743732341630079,1.1837929156240754
P02,basal,P02_basal_ECGv2.h5.txt,1,0.0,30.0,306.15,400,False,78.1923019516698,73.0816077953715,82.64462809917366,768.3076923076923,768.9999999999984,27.72055464447952,20.490691082846354,0.0,39,-0.0016905111986976256,0.9871126829480235,0.9871141305163036,8.452697437217548,0.9743943066649581,1.8057432855581588,8.88706791515229,-0.31763599457732994,0.9959541937888831,2.8070587207705557,1.0036669580632709,1.500568264345329,1.05722994064872,-1.1954428395802061,0.9448752440681025,-1.1579446482493574,0.0
P02,basal,P02_basal_ECGv2.h5.txt,2,15.0,45.0,306.15,400,False,81.5595354328906,76.1421319796954,86.58008658008642,736.2564102564104,734.0000000000018,21.31310191151027,17.367543837496815,0.0,39,-0.0020951772442022883,0.9980150690956086,0.9980172683423855,7.884912369582334,0.996038467909597,1.8008653687132237,8.509424636275945,3.0495974866434636,1.0388434581203134,-29.244223330511318,0.9617972578370301,-4.906884468623922,0.8128570931546453,-4.318590084929745,0.8008593832179692,-1.1579446482493574,0.0
P02,basal,P02_basal_ECGv2.h5.txt,3,30.0,60.0,306.15,400,False,82.09511376182206,76.04562737642571,86.58008658008642,731.65,728.0000000000016,24.588458831173252,17.189740529954953,0.0,40,0.0014808883998458076,1.0022146319666092,1.002215726058227,7.819592837225336,1.0044363615584189,1.8037981348044039,8.350317835959705,3.585175815574928,1.045665248366768,-33.85063358692173,0.9557797445205145,-1.631527548960939,0.9377754234763035,-4.496393392471607,0.7926604433710661,-1.1579446482493574,0.0
P02,basal,P02_basal_ECGv2.h5.txt,4,45.0,75.0,306.15,400,False,80.55159184519282,74.6268656716416,86.2068965517244,745.9743589743591,741.9999999999973,29.18947825888032,20.554804791094977,0.0,39,0.0009461737197170184,0.9904311852704627,0.9904316372173101,7.936660464981406,0.9809548280009615,1.821319838262361,8.730267965291853,2.0416538989456825,1.026005037736032,-19.526274612562588,0.9744921509456264,2.9694918787461297,1.1132529908938469,-1.131329131331583,0.947831681968835,-1.1579446482493574,0.0
P02,basal,P02_basal_ECGv2.h5.txt,5,60.0,90.0,306.15,400,False,78.93147419931465,73.98273736128301,85.34850640113935,761.1315789473684,766.5000000000007,27.539819870882113,21.88977300389824,0.0,38,-0.0012340729338893742,0.987221573707216,0.9872223450312286,7.936660464981406,0.9746079585289582,1.826969761585467,8.914943525107647,0.4215362530675151,1.0053692088427852,-4.369054639553269,0.9942925525494589,1.3198334907479214,1.0503369251079362,0.20363908147168175,1.0093902897676514,-1.1579446482493574,0.0
P02,basal,P02_basal_ECGv2.h5.txt,6,75.0,105.0,306.15,400,False,78.88939483522417,73.89162561576246,86.20689655172264,761.7692307692307,766.9999999999959,30.550615066994563,20.16315033865012,0.0,39,-0.0004405183483329206,1.0032549488099687,1.0032550455233744,7.9463452170768445,1.006520686368108,1.8285259310269257,8.730016747944203,0.3794568889770318,1.004833233841515,-3.7314028176909915,0.9951255392171177,4.330628686860372,1.1651651768263889,-1.5229835837764405,0.9297715494507088,-1.1579446482493574,0.0
P02,basal,P02_basal_ECGv2.h5.txt,7,90.0,120.0,306.15,400,False,79.9605490784399,73.89162561576246,86.20689655172264,751.2051282051286,746.0000000000093,25.372155777523915,18.544399069317496,0.0,39,-0.00012520743884084304,1.009928966147818,1.0099289739092066,7.964180913276973,1.019956532341303,1.8108198398331259,8.632581038904878,1.450611132192762,1.0184767835784807,-14.295505381793078,0.9813252860225493,-0.8478306026102764,0.9676647199461308,-3.141734853109064,0.8551270196731534,-1.1579446482493574,0.0
P02,basal,P02_basal_ECGv2.h5.txt,8,105.0,135.0,306.15,400,False,79.91714308378354,73.61963190184069,86.95652173913072,751.7435897435895,745.0000000000045,27.445369611109022,20.459202021789565,2.631578947368421,39,0.00017486728389832872,1.0066694942694716,1.0066695094574587,7.983573010114414,1.0133835012713206,1.8045479740869423,8.599319135368818,1.4072051375364083,1.0179239109639835,-13.757043843332212,0.9820286969863492,1.2253832309748312,1.0467347012774673,-1.2269319006369948,0.9434232074271122,1.4736342991190634,2.2726293103448274
P02,basal,P02_basal_ECGv2.h5.txt,9,120.0,150.0,306.15,400,False,78.42624693829585,71.94244604316519,86.95652173913072,766.368421052632,766.0000000000125,32.083018201207366,22.260132827851997,2.7027027027027026,38,0.0007711603525777561,1.0005640072766881,1.000564304453179,8.05284699013675,1.0011289273458739,1.8332203257508022,8.932124601026945,-0.08369100795128759,0.998934007462742,0.8677874657103075,1.0011336208327406,5.863031821073175,1.223609262646885,0.5739989054254373,1.0264684755465723,1.5447580544533452,2.334051724137931
P02,basal,P02_basal_ECGv2.h5.txt,10,135.0,165.0,306.15,400,False,77.54062839325938,71.94244604316519,81.85538881309641,774.3243243243245,771.9999999999914,20.847400656055967,20.341528403189905,0.0,37,-0.001410572711960305,1.0003226279398578,1.0003236224761858,8.06287178904665,1.0006473496838786,1.8428263046800522,9.15027921305681,-0.9693095529877525,0.9876536706263683,8.823690737402785,1.0115266929252005,-5.372585724078224,0.7950957850935876,-1.344605519236655,0.9379969927306342,-1.1579446482493574,0.0
P02,basal,P02_basal_ECGv2.h5.txt,11,150.0,180.0,306.15,400,False,77.47417125454419,72.72727272727373,81.85538881309641,775.1052631578949,772.0000000000056,22.89670042755985,22.65606535339434,0.0,38,-0.0003783129923230566,1.0113418590013474,1.0113419297591795,8.06287178904665,1.0228124988890213,1.8164147202090497,8.878560823794642,-1.0357666917029462,0.9868071900348195,9.604629570973202,1.012546860380727,-3.3232859525743415,0.8732537117146537,0.9699314309677796,1.0447258803453543,-1.1579446482493574,0.0
P02,basal,P02_basal_ECGv2.h5.txt,12,165.0,195.0,306.15,400,False,75.96218719704768,70.33997655334043,80.21390374331348,790.7837837837842,792.0000000000016,27.400461406428825,26.656768996508216,2.7777777777777777,37,0.001799366806400315,1.0014059724620665,1.001407589048336,8.043452005592307,1.002817159403601,1.8250311184613819,9.163307842172621,-2.5477507491994515,0.9675486847162738,25.283150196862493,1.0330282550889511,1.1804750262946335,1.0450219542138677,4.970635074081656,1.2292079857046954,1.6198331295284203,2.3988864942528734
P02,basal,P02_basal_ECGv2.h5.txt,13,180.0,210.0,306.15,400,False,76.3201886248014,70.33997655334043,81.63265306122614,787.1891891891893,786.0000000000014,28.91543017321689,28.141507501277225,8.333333333333332,37,0.00019099238997156333,1.0005330631356033,1.0005330813649322,8.07594064571049,1.001066446905606,1.810848790802379,9.059355109597579,-2.1897493214457313,0.9721086351775622,21.68855560226757,1.0283325116279016,2.695443793082699,1.1028011133951208,6.455373578850665,1.2976728633117445,7.175388685083975,7.19665948275862
P02,basal,P02_basal_ECGv2.h5.txt,14,195.0,225.0,306.15,400,False,75.91163640719746,71.68458781361858,81.63265306122614,791.27027027027,800.0000000000114,26.52948951287625,26.161889160461502,5.555555555555555,37,0.0007874285259949005,0.9959366174552736,0.9959369287419437,8.07594064571049,0.9918903660319355,1.8058967877948842,9.003877795129274,-2.5983015390496718,0.9669048071235437,25.769636683348267,1.0336637692415733,0.30950313274205854,1.0118040920485205,4.475755238034942,1.206387881493546,4.397610907306198,4.797772988505747
P02,basal,P02_basal_ECGv2.h5.txt,15,210.0,240.0,306.15,400,False,76.14951147690269,71.68458781361858,81.19079837618355,788.7027027027025,787.0000000000061,25.074184228298744,21.76069341215094,0.0,37,0.0005561476859658009,0.9976041729405648,0.9976043279620818,8.005882626976536,0.9952143951686768,1.8013854383851327,8.937913542675348,-2.3604264693444463,0.9699346792127063,23.202069115780773,1.0303096667693956,-1.145802151835447,0.9563004291755249,0.07455948972437909,1.003438118107685,-1.1579446482493574,0.0
P02,basal,P02_basal_ECGv2.h5.txt,16,225.0,255.0,306.15,400,False,78.60138721739727,73.52941176470566,83.68200836820264,764.2564102564099,768.0000000000007,26.737237928360646,24.307785194307797,0.0,39,-0.0005350997256705033,1.0169623885732715,1.01696252935119,7.926467811492753,1.0342127861043697,1.760393710155252,8.349974904560629,0.09144927115013957,1.0011648114053122,-1.2442233305117725,0.9983746279546737,0.5172515482264544,1.0197273766937711,2.6216512718812375,1.1208906705666921,-1.1579446482493574,0.0
P02,basal,P02_basal_ECGv2.h5.txt,17,240.0,270.0,306.15,400,False,77.92253691013522,73.26007326007175,83.68200836820264,771.1315789473675,773.9999999999867,29.831210803120946,23.218119671529298,0.0,38,-0.00024164218191749114,1.0029071500189586,1.0029071791298008,7.896232840935644,1.0058228099500943,1.7757911898048633,8.602996767602134,-0.5874010361119133,0.9925181314432564,5.630945360445821,1.0073558990200449,3.611224422986755,1.1377279290168827,1.5319857491027378,1.070643562129737,-1.1579446482493574,0.0
P02,basal,P02_basal_ECGv2.h5.txt,18,255.0,285.0,306.15,400,False,77.7952388980987,73.26007326007175,83.68200836820264,771.9999999999999,769.0000000000055,24.304777765339225,20.096295955015872,0.0,37,0.0007876107408775974,1.001467581335671,1.001467891046437,8.047826894142347,1.002937936796998,1.7803283047424816,8.673811876550849,-0.7146990481484323,0.9908967059859637,6.499366413078178,1.0084903475293339,-1.9152086147949667,0.9269561552386602,-1.5898379674106877,0.9266887323901211,-1.1579446482493574,0.0
P02,basal,P02_basal_ECGv2.h5.txt,19,270.0,300.0,306.15,400,False,79.48798347267808,75.28230865746846,83.68200836820264,755.3421052631574,759.5000000000027,19.84027614753197,19.776453375369034,0.0,38,0.0005670972272554238,1.0023909451823276,1.0023911055984014,8.047826894142347,1.0047879285827854,1.7455250371663098,8.396022745610193,0.9780455264309467,1.0124576015726898,-10.158528323764358,0.9867295624875393,-6.379710232602221,0.7566852194310877,-1.9096805470575262,0.9119400187286197,-1.1579446482493574,0.0
P02,cognitivo,P02_cognitiva_ECGv2.h5.txt,1,0.0,30.0,263.4,363,False,79.80266438896733,67.7966101694914,89.95502248875566,756.4736842105262,740.0,60.77105322753638,28.722342748685424,5.405405405405405,38,0.0005380954230079131,0.9820777705255586,0.9820779179409014,8.628060267547001,0.9644770369071359,1.2437915952987049,7.952358029711151,1.2927264427201948,1.016465768239497,-9.026949376395464,0.9882077832723695,34.55106684740218,2.3177377877503442,7.036208826258864,1.3244565790946454,4.247460757156048,4.668103448275862
P02,cognitivo,P02_cognitiva_ECGv2.h5.txt,2,15.0,45.0,263.4,363,False,77.82891260485624,67.7966101694914,89.2857142857142,774.7894736842109,770.4999999999966,55.741273899433835,30.894327302264564,13.513513513513514,38,0.0001348734888631288,1.0045558880896714,1.0045558971438506,8.752594129305034,1.0091325504864868,1.278056973324992,8.296460411887345,-0.6810253413908924,0.9913256161040763,9.288840097289153,1.0121343336500772,29.521287519299644,2.1259078128914175,9.208193379838004,1.4246120314841095,12.355568865264157,11.670258620689655
P02,cognitivo,P02_cognitiva_ECGv2.h5.txt,3,30.0,60.0,263.4,363,False,80.38772341963599,71.09004739336483,87.46355685131195,747.7179487179486,740.9999999999997,32.483152489891005,27.165671061295445,7.894736842105263,39,7.163916263210872e-05,0.9961572294503521,0.9961572320263359,8.752594129305034,0.9923292309183711,1.2641218726207177,7.777306269288831,1.8777854733888546,1.023917806108502,-17.782684868973092,0.9767698626379335,6.263166109756813,1.2388699223162891,5.479537138868885,1.2526746887421119,6.736792193855905,6.817887931034482
P02,cognitivo,P02_cognitiva_ECGv2.h5.txt,4,45.0,75.0,263.4,363,False,81.27440841544379,76.62835249042134,88.10572687224703,739.2000000000002,738.5000000000019,26.792842519159336,28.825736363937423,5.128205128205128,40,-0.00023241987412251302,0.9788600036602348,0.9788600312530453,8.379251136272273,0.958166960784713,1.2632752548408783,7.3370747930001805,2.7644704691966524,1.0352117265853578,-26.30063358692155,0.9656425711058081,0.572856139025145,1.0218480715710507,7.139602441510863,1.3292243083552802,3.9702604799557704,4.428713527851459
P02,cognitivo,P02_cognitiva_ECGv2.h5.txt,5,60.0,90.0,263.4,363,False,82.90428444478071,75.85335018963369,89.9550224887554,725.2926829268291,725.9999999999991,34.11469177820633,32.373214236467845,12.5,41,-0.000611699198794629,1.000754231934918,1.000754418881854,8.374603772292865,1.0015094069115573,1.2376000685684139,7.03164583240261,4.394346498533579,1.0559718503604247,-40.20795066009259,0.9474749609654934,7.894705398072137,1.3010949465654045,10.687080314041285,1.4928070790427665,11.342055351750643,10.79498922413793
P02,cognitivo,P02_cognitiva_ECGv2.h5.txt,6,75.0,105.0,263.4,363,False,85.52837233162442,74.25742574257362,97.87928221859487,705.3902439024392,695.999999999998,53.44664538059468,26.5400640541799,7.5,41,8.028157100285683e-05,1.0186932265532322,1.0186932297166629,8.495111438228165,1.0377358962705656,1.2585451945828658,7.065673180408286,7.01843438537729,1.089395490163074,-60.11038968448247,0.9214757153069593,27.22665900046049,2.0383933311685096,4.853930131753341,1.2238264390101217,6.342055351750643,6.476993534482759
P02,cognitivo,P02_cognitiva_ECGv2.h5.txt,7,90.0,120.0,263.4,363,False,82.68277748278568,74.25742574257362,97.87928221859487,730.4499999999997,750.9999999999977,58.24922141000513,22.241679515994228,2.564102564102564,40,0.0007633963427474588,1.015805684312683,1.0158059711657215,8.495111438228165,1.0318617710559344,1.326214543293239,7.523606133030546,4.172839536538547,1.0531504628037731,-35.050633586922004,0.9542121429440437,32.02923502987093,2.221558034604403,0.5555455935676683,1.0256175487781691,1.4061579158532065,2.2143567639257293
P02,cognitivo,P02_cognitiva_ECGv2.h5.txt,8,105.0,135.0,263.4,363,False,79.93431530218737,75.09386733416709,86.95652173913072,751.7435897435897,757.9999999999956,29.26711640329669,25.12023717621745,5.263157894736842,39,5.737175938661328e-05,1.0106557499095756,1.010655751537983,8.553522694306402,1.0214250481168055,1.3234345062369468,7.698860432748534,1.424377355940237,1.0181426376481848,-13.757043843331985,0.9820286969863495,3.0471300231624987,1.11621402006033,3.434103253790891,1.158354793255221,4.105213246487484,4.545258620689655
P02,cognitivo,P02_cognitiva_ECGv2.h5.txt,9,120.0,150.0,263.4,363,False,80.90710621972548,75.09386733416709,88.1057268722452,742.8717948717944,748.0000000000189,31.106082910936916,25.147459848703875,5.263157894736842,39,-0.0006201638262561579,0.9986512936027618,0.9986514861640376,8.553522694306402,0.9973047908176411,1.28633596205489,7.572928651994593,2.397168273478343,1.0305333100010803,-22.62883871512736,0.9704391639637253,4.886096530802725,1.186350078904111,3.461325926277315,1.1596100964173153,4.105213246487484,4.545258620689655
P02,cognitivo,P02_cognitiva_ECGv2.h5.txt,10,135.0,165.0,263.4,363,False,81.61534623031551,74.16563658838095,89.9550224887554,737.2249999999993,747.5000000000165,39.19084632790384,22.095944633140522,2.564102564102564,40,-0.0003856987390704797,0.9829088782325982,0.9829089539077269,8.412330189447708,0.966110011671982,1.2537764362581922,7.394148612440034,3.1054082840683748,1.0395543336971498,-28.275633586922368,0.963062560177866,12.97085994776965,1.4946936188188542,0.4098107107139626,1.0188973614282701,1.4061579158532065,2.2143567639257293
P02,cognitivo,P02_cognitiva_ECGv2.h5.txt,11,150.0,180.0,263.4,363,False,84.56550287846973,74.16563658838095,100.3344481605329,714.7073170731708,724.9999999999943,60.483156292657675,24.022905735989088,5.0,41,-0.00011461819090293186,0.9984394826706405,0.9984394892495719,8.788495326706787,0.996881413692946,1.2885831444059173,7.41867503693809,6.055564932222595,1.0771311898930378,-50.79331651375094,0.9336469307990671,34.26316991252348,2.3067577311360954,2.336771813562528,1.1077541908539987,3.8420553517506426,4.317995689655173
P02,cognitivo,P02_cognitiva_ECGv2.h5.txt,12,165.0,195.0,263.4,363,False,84.63525287833397,74.81296758104808,100.3344481605329,713.9024390243898,723.0000000000132,58.9634653315297,25.180845895244797,5.0,41,-0.0002951214887629541,1.0183411933388522,1.0183412361028552,8.818868496611323,1.037018873147491,1.3180681213684693,7.440425481460865,6.125314932086837,1.0780196124505999,-51.598194562531944,0.9325954907172875,32.7434789513955,2.248798472916214,3.494711972818237,1.1611496076395713,3.8420553517506426,4.317995689655173
P02,cognitivo,P02_cognitiva_ECGv2.h5.txt,13,180.0,210.0,263.4,363,False,85.04105839630563,74.81296758104808,94.33962264151008,708.2380952380955,695.0000000000216,44.90630328063326,21.722754171158083,2.4390243902439024,42,0.001528632130669082,1.0200800464589186,1.0200811918175046,8.553412496551534,1.0405656378998205,1.2855373655836437,6.996895757124902,6.531120450058495,1.0831884551294655,-57.26253834882618,0.9251959621763995,18.68631690049907,1.7126745464161235,0.036620248731523475,1.0016886480947926,1.281079741994545,2.106339360807401
P02,cognitivo,P02_cognitiva_ECGv2.h5.txt,14,195.0,225.0,263.4,363,False,86.9611064563895,80.97165991902993,94.33962264151008,690.7857142857143,692.4999999999955,24.010704639436984,18.71154593345258,0.0,42,0.00033009226309903435,0.9892570137574054,0.9892570688294937,8.055677644772693,0.9786295482291217,1.2410113772753053,6.694361288837923,8.451168510142367,1.107644569989707,-74.71491930120737,0.9023973122646363,-2.2092817406972074,0.9157405458314392,-2.9745879889739797,0.8628345651827857,-1.1579446482493574,0.0
P02,cognitivo,P02_cognitiva_ECGv2.h5.txt,15,210.0,240.0,263.4,363,False,85.039769402495,80.6451612903226,90.77155824508301,706.1707317073171,705.0000000000125,21.070005266995526,19.449293046280687,0.0,41,-0.0015592755227988235,0.9689269252092474,0.9689281798645359,8.055677644772693,0.9388218177356026,1.2453049257184947,6.86352671061165,6.529831456247862,1.0831720369046605,-59.32990187960456,0.9224952935680781,-5.149981113138665,0.8035856678766014,-2.236840876145873,0.8968538659704273,-1.1579446482493574,0.0
P02,cognitivo,P02_cognitiva_ECGv2.h5.txt,16,225.0,255.0,263.4,363,False,84.32186488004872,80.21390374331348,91.1854103343483,712.1951219512191,712.9999999999939,21.3684574925261,20.787616505992048,2.5,41,-0.0001745953350331849,0.9920223949594298,0.9920224103237657,8.481503013964893,0.9841084625845737,1.3015663867980571,7.089052681118973,5.811926933801587,1.0740279139919942,-53.3055116357026,0.9303651632710898,-4.85152888760809,0.8149682910863792,-0.8985174164345118,0.958567192305987,1.3420553517506426,2.1589978448275864
P02,recuperacion,P02_recuperacion_ECGv2.txt.txt,1,0.0,30.0,302.7,390,False,79.86113001062061,66.1521499448732,116.50485436893192,762.9230769230769,785.0000000000001,87.96781247927366,81.61865756772683,28.947368421052634,39,-0.00021028860091028482,1.263152876926932,1.2631528944312644,19.23478191528696,1.595555234710081,1.093073847159764,9.247572697285127,1.3511920643734783,1.0172104589523252,-2.5775566638448026,0.9966328484252625,61.74782609913947,3.3549907770327168,59.932523645300265,3.7636333824961525,27.789423772803275,24.998922413793107
P02,recuperacion,P02_recuperacion_ECGv2.txt.txt,2,15.0,45.0,302.7,390,False,73.3611732750304,66.1521499448732,79.68127490039839,819.4444444444443,812.0000000000002,36.66796534496661,33.87034100802589,17.142857142857142,36,0.00011248847747729912,0.958461072585908,0.9584610791869365,8.159152621492577,0.9186476403161868,1.7978032006152271,9.193279853023105,-5.148764671216739,0.9344189435642923,53.943810857522635,1.0704686691175642,10.44797896483242,1.398473851715973,12.18420708559933,1.5618432095450225,15.984912494607785,14.804556650246305
P02,recuperacion,P02_recuperacion_ECGv2.txt.txt,3,30.0,60.0,302.7,390,False,76.31467527722575,70.17543859649149,84.38818565400861,788.3783783783784,791.0000000000039,41.755472928941124,23.332738087646003,2.7777777777777777,37,-4.5632803220895855e-05,0.9565565834597869,0.95655658454825,7.718625888323667,0.9150004994426134,1.755034346991769,8.732489494589982,-2.195262669021389,0.9720384103408105,22.877744791456735,1.0298859906676472,15.535486548806933,1.592505515585528,1.6466041652194434,1.075928894062423,1.6198331295284203,2.3988864942528734
P02,recuperacion,P02_recuperacion_ECGv2.txt.txt,4,45.0,75.0,302.7,390,False,78.26158030569195,72.99270072992803,84.38818565400861,767.7105263157897,767.4999999999983,28.77302405429455,22.38182177450936,2.7027027027027026,38,0.00042900526802158804,0.9636189516474959,0.9636190471445338,7.70520481572827,0.9285616680197393,1.7265514479299873,8.302581185461245,-0.2483576405551844,0.9968366088796908,2.209892728867999,1.0028868594380034,2.5530376741603575,1.0973699084792312,0.6956878520827985,1.0320798467154793,1.5447580544533452,2.334051724137931
P02,recuperacion,P02_recuperacion_ECGv2.txt.txt,5,60.0,90.0,302.7,390,False,78.23091154887145,72.99270072992803,84.1514726507721,767.9473684210526,767.4999999999983,27.85575525803773,19.871206930248704,2.7027027027027026,38,0.00039417970597684684,0.9535894940077588,0.953589575477634,7.635105476510159,0.9093330784596143,1.7341132210700292,8.3409385567987,-0.2790263973756879,0.9964459735330994,2.4467348341308934,1.0031962544859907,1.635768877903537,1.0623863359114059,-1.8149269921778561,0.9163093339426,1.5447580544533452,2.334051724137931
P02,recuperacion,P02_recuperacion_ECGv2.txt.txt,6,75.0,105.0,302.7,390,False,79.3098714539642,76.04562737642571,85.22727272727352,757.1538461538464,762.0000000000005,21.869876496580755,17.19164423721379,0.0,39,0.0013981519170459932,0.9611916476100218,0.9611926644872253,7.494951760047649,0.9238913382640516,1.743228281930194,8.180813532599315,0.7999335077170713,1.010188945866506,-8.346787433075292,0.9890963023845394,-4.350109883553436,0.8340918328298852,-4.49448968521277,0.7927482279095941,-1.1579446482493574,0.0
P02,recuperacion,P02_recuperacion_ECGv2.txt.txt,7,90.0,120.0,302.7,390,False,78.69170083527595,73.71007371007306,85.22727272727352,763.2368421052632,763.5000000000076,24.361505090998268,18.442020174268844,0.0,38,2.9706198736528133e-05,0.958548462817472,0.9585484632777816,7.666239961427028,0.9188151564521968,1.7284646330159181,8.348510549488859,0.18176288902881765,1.0023151577212208,-2.2637914816584725,0.9970427307537931,-1.8584812891359235,0.9291196699269066,-3.244113748157716,0.8504060816113084,-1.1579446482493574,0.0
P02,recuperacion,P02_recuperacion_ECGv2.txt.txt,8,105.0,135.0,302.7,390,False,79.45989541781736,73.71007371007306,85.1063829787219,755.947368421053,755.4999999999978,25.66093610015591,16.49569968531662,0.0,38,-0.0019341730730215113,0.9667142601393033,0.9667161950552795,7.666239961427028,0.9345402017821571,1.6971142528022845,8.208738751507369,0.9499574715702295,1.0120998372488923,-9.553265165868652,0.9875202387212866,-0.5590502799782797,0.9786784679490966,-5.19043423710994,0.7606565441458291,-1.1579446482493574,0.0
P02,recuperacion,P02_recuperacion_ECGv2.txt.txt,9,120.0,150.0,302.7,390,False,79.51558244150353,74.25742574257492,85.1063829787219,755.5641025641029,753.0000000000001,27.80457636678739,18.658284458846204,0.0,39,-0.00014043933167220436,0.9749057705943908,0.9749057807098329,7.688015832795196,0.9504412812614488,1.6967558799303042,8.053142981339139,1.0056444952563908,1.0128091362897895,-9.936531022818826,0.9870195652533179,1.5845899866531994,1.060434432103816,-3.027849463580356,0.8603785499798502,-1.1579446482493574,0.0
P02,recuperacion,P02_recuperacion_ECGv2.txt.txt,10,135.0,165.0,302.7,390,False,77.75970720673403,71.68458781362101,84.03361344537831,772.8157894736846,767.5000000000125,31.126468499521863,21.934176713703977,0.0,38,-0.000229838486110149,0.9668926396089277,0.9668926669261947,7.69773187573384,0.9348814293556492,1.7070006520010956,8.341929454846998,-0.7502307395130998,0.990444130270148,7.315155886762909,1.0095560415835139,4.906482119387672,1.187127561710143,0.2480427912774168,1.0114378520470588,-1.1579446482493574,0.0
P02,recuperacion,P02_recuperacion_ECGv2.txt.txt,11,150.0,180.0,302.7,390,False,75.30231720780196,70.58823529411812,82.41758241758144,798.166666666667,804.5000000000044,33.39846018691703,23.060789231938966,0.0,36,-0.0013036883343584813,0.9548336132133244,0.9548345032126172,7.879250862318942,0.9117089285252854,1.732462682387033,8.86578859387501,-3.207620738445172,0.9591437616389238,32.66603307974526,1.0426727707940375,7.178473806782836,1.2737787008242565,1.3746553095124057,1.0633886756592799,-1.1579446482493574,0.0
P02,recuperacion,P02_recuperacion_ECGv2.txt.txt,12,165.0,195.0,302.7,390,False,75.76554857309321,70.58823529411812,83.21775312066532,793.3243243243245,790.9999999999968,33.68898109838678,23.601435926187698,0.0,37,-0.00011325253899630476,0.9702097295552422,0.9702097361652241,7.879250862318942,0.9413069321497938,1.721777743206986,8.629116844905901,-2.744389373153922,0.9650440511743507,27.823690737402785,1.036347051219316,7.468994718252592,1.2848588328753496,1.9153020037611377,1.0883192002139415,-1.1579446482493574,0.0
P02,recuperacion,P02_recuperacion_ECGv2.txt.txt,13,180.0,210.0,302.7,390,False,76.65300450048062,72.28915662650493,83.21775312066532,783.5789473684214,786.4999999999895,25.702698963283936,23.390919929223347,0.0,38,0.0010575587243297664,0.9790882458205827,0.979088816979584,7.740895591331984,0.9586149115344814,1.703408137289405,8.312693334603184,-1.856933445766515,0.9763477911925253,18.078313781499673,1.0236163276531722,-0.5172874168502553,0.9802712553183406,1.7047860067967875,1.0786117992674478,-1.1579446482493574,0.0
P02,recuperacion,P02_recuperacion_ECGv2.txt.txt,14,195.0,225.0,302.7,390,False,75.3566215095895,71.77033492823101,80.1068090787722,796.8611111111106,801.9999999999925,22.886243875530596,22.911007959375855,0.0,36,-0.0006012339418649641,0.9553035564935627,0.9553037456911295,7.7383262290371615,0.9126052465315023,1.7227630460747145,8.712692300082795,-3.153316436657633,0.9598354486177713,31.360477524188923,1.0409672783381543,-3.3337425046035953,0.8728549108961614,1.224874036949295,1.0564818995091882,-1.1579446482493574,0.0
P02,recuperacion,P02_recuperacion_ECGv2.txt.txt,15,210.0,240.0,302.7,390,False,76.74453643994897,71.77033492823101,82.30452674897289,783.0270270270274,781.0000000000059,31.163980710007092,23.688370329951933,0.0,37,0.00042791618878821594,0.9707125148739093,0.9707126091923882,7.743151137236462,0.9422829696450942,1.6933764980184831,8.386332292949705,-1.7654015062981614,0.9775136555641292,17.52639344010572,1.0228953349887928,4.9439943298729006,1.1885582340965197,2.0022364075253734,1.0923279554893266,-1.1579446482493574,0.0
P02,recuperacion,P02_recuperacion_ECGv2.txt.txt,16,225.0,255.0,302.7,390,False,78.77328628789344,72.99270072992677,84.50704225352018,762.5128205128204,766.9999999999959,25.541371799774243,21.633307652785412,0.0,39,0.0006379815772350858,0.990875653294747,0.9908758586789692,7.743151137236462,0.9818349673127845,1.6560832975908948,7.930161795066539,0.2633483416463065,1.003354331292767,-2.9878130741012683,0.9960969162623665,-0.6786145803599481,0.974118423613137,-0.052826269641148116,0.9975640531488871,-1.1579446482493574,0.0
P02,recuperacion,P02_recuperacion_ECGv2.txt.txt,17,240.0,270.0,302.7,390,False,77.56880340897422,72.63922518160115,84.50704225352018,774.5263157894733,775.4999999999939,28.31649012654656,23.319751516921947,0.0,38,-0.00032825851910178174,0.977199981134599,0.9772000362684787,7.776366688024936,0.9549199108831162,1.6757863292571158,8.25263394603487,-0.9411345372729158,0.9880125425915216,9.025682202551593,1.0117905613745344,2.0965037464123704,1.0799582317098686,1.6336175944953872,1.075330051928066,-1.1579446482493574,0.0
P02,recuperacion,P02_recuperacion_ECGv2.txt.txt,18,255.0,285.0,302.7,390,False,74.72223708010536,68.57142857142857,80.86253369272653,804.1388888888891,810.9999999999786,31.116511719461617,25.800885920563225,2.857142857142857,36,0.0002381345962776185,0.9620650723507899,0.962065101822853,7.830169272678054,0.9255692601454165,1.713162448950306,8.809186409727783,-3.787700866141776,0.9517551412569568,38.63825530196743,1.0504744916028605,4.896525339327425,1.1867478216173797,4.114751998136665,1.1897411503984776,1.6991982088934998,2.4674261083743843
P02,recuperacion,P02_recuperacion_ECGv2.txt.txt,19,270.0,300.0,302.7,390,False,74.6931390832104,68.57142857142857,80.21390374331654,804.7777777777787,807.4999999999761,35.23156953732611,28.25192787353506,11.428571428571429,36,0.00034644120092096765,0.9672945540035347,0.9672946160433247,7.926903676000549,0.9356588742264028,1.7070252322968797,8.778722601666331,-3.8167988630367375,0.9513845130580799,39.27714419085703,1.0513090942940377,9.011583157191918,1.343691374455466,6.5657939511085,1.302764613305211,10.270626780322072,9.869704433497537
P03,basal,P03_basal_ECGv2.txt,1,0.0,30.0,222.6,247,False,66.9843013613393,59.230009871668315,83.21775312066576,901.1875,903.0,69.51743225333323,58.87959282818543,45.16129032258064,32,0.00020068123490954798,1.005246250835225,1.005246270866614,8.672218303766503,1.0105200650912338,2.0059221089114545,11.254357996619502,0.30324173963960277,1.0045476442839987,-0.9448380130306759,0.9989526614076248,27.16432609702111,1.6413774233409482,6.260122122020803,1.1189696900787602,0.7756692232498636,1.017475687036439
P03,basal,P03_basal_ECGv2.txt,2,15.0,45.0,222.6,247,False,65.58168305648597,59.523809523809575,73.89162561576376,917.4193548387096,924.9999999999972,48.653039777283276,54.31819830099929,46.666666666666664,31,-0.00024315418311015625,1.004631193007447,1.0046312224331488,8.698620840170982,1.009283893087523,2.021588248010704,11.610072702066605,-1.0993765652137313,0.9835129109907551,15.287016825678961,1.0169454260550608,6.29993362097116,1.148747853291328,1.698727594834665,1.0322832512763314,2.2810455673358874,1.0513915432709868
P03,basal,P03_basal_ECGv2.txt,3,30.0,60.0,222.6,247,False,64.05214082933415,58.59375000000035,68.96551724137895,938.4516129032259,942.9999999999978,40.775677970800984,51.347184278529674,53.333333333333336,31,-0.00010953887861738239,1.0075483493431299,1.0075483552975666,8.712311461373233,1.0151536882628316,2.019885134838487,11.615823606844332,-2.6289187923655533,0.9605747298066326,36.319274890195175,1.0402593647958451,-1.5774281855111312,0.9627553129234646,-1.2722864276349526,0.9758209953357456,8.947712234002559,1.2015903351668422
P03,basal,P03_basal_ECGv2.txt,4,45.0,75.0,222.6,247,False,65.47495574285442,58.59375000000035,73.34963325183394,918.7187499999998,917.500000000004,47.11635177768491,54.41981375410912,51.61290322580645,32,-0.00012805928954619927,1.0226535526960092,1.0226535607139648,8.768845177084401,1.045820305240951,1.987303255133161,11.229712658947156,-1.2061038788452834,0.9819123468389997,16.586411986969097,1.0183857858631928,4.763245621372796,1.1124650835240546,1.8003430479444944,1.0342143891563997,7.2272821264756715,1.162829356613073
P03,basal,P03_basal_ECGv2.txt,5,60.0,90.0,222.6,247,False,66.72356362248453,62.17616580310859,73.34963325183394,900.7812500000001,897.5000000000009,37.85007297474399,53.99312978996387,38.70967741935484,32,-0.0020907584978712202,1.0227911641947445,1.0227933011248835,8.799195807681114,1.0461061368259368,1.970928645930416,11.163820571165942,0.042504000784830964,1.0006374223958943,-1.3510880130305623,0.9985023394505441,-4.503033181568128,0.8936787973720549,1.3736590837992395,1.0261055283408298,-5.675943679975937,0.8721220174598049
P03,basal,P03_basal_ECGv2.txt,6,75.0,105.0,222.6,247,False,66.83918168706748,61.41248720573248,72.37635705669538,899.2187499999998,896.0000000000008,37.82876050001937,54.01672381413992,38.70967741935484,32,0.0007388281567942915,1.0183437167722562,1.0183439847893139,8.775691570883886,1.0370244713565782,1.9851144148854063,11.250011931250931,0.1581220653677775,1.002371319026195,-2.9135880130309033,0.9967703319233094,-4.524345656292745,0.8931755881234591,1.3972531079752954,1.0265539179551573,-5.675943679975937,0.8721220174598049
P03,basal,P03_basal_ECGv2.txt,7,90.0,120.0,222.6,247,False,68.1965346813086,63.69426751592403,74.07407407407386,881.5294117647063,886.0000000000027,39.362522780476276,53.92615601941604,48.484848484848484,34,0.003614534108291589,1.0204078986560716,1.0204143004174924,8.756377771220688,1.0412453444965202,1.979477806140749,10.778092407819582,1.515475059608903,1.0227272192164705,-20.602926248324366,0.9771619690591041,-2.9905833758358398,0.9293892786800919,1.306685313251414,1.024832733885678,4.0992273855177075,1.0923548501516747
P03,basal,P03_basal_ECGv2.txt,8,105.0,135.0,222.6,247,False,67.50191142223612,61.538461538461895,74.07407407407386,890.9393939393939,894.999999999996,43.47121130266558,55.07863696570165,56.25,33,-0.0004466153241919825,1.000832762376741,1.0008328620263756,8.75884821734253,1.001666417711906,1.9401304035929856,10.792035450773312,0.8208518005364169,1.0123101193231383,-11.192944073636795,0.9875927914320314,1.1181051463534644,1.0263996020085726,2.459166259537021,1.046734910605038,11.864378900669223,1.267302306621279
P03,basal,P03_basal_ECGv2.txt,9,120.0,150.0,222.6,247,False,65.61824935670954,61.3496932515332,71.00591715976341,915.9677419354842,918.0000000000064,38.62769634253489,53.30447135716292,50.0,31,-0.0012210328009635235,0.9757631499886891,0.9757639139653351,8.75884821734253,0.9521152157969499,1.92895054420695,11.241064499890086,-1.062810264990162,0.9840612871028178,13.835403922453565,1.01533633519105,-3.725409813777226,0.9120392775909304,0.6850006509982904,1.0130180072472306,5.614378900669223,1.1264909392189146
P03,basal,P03_basal_ECGv2.txt,10,135.0,165.0,222.6,247,False,66.2158978619101,61.3496932515332,71.34363852556652,907.71875,913.5000000000133,38.58734070784774,49.671501532738596,38.70967741935484,32,-5.2069032375647e-05,0.9768550962247966,0.9768550976125071,8.64490485157707,0.9542458817315408,1.9242883763697929,10.990923847124764,-0.46516175978960916,0.9930240796647714,5.586411986969324,1.006192452871464,-3.7657654484643786,0.9110864399280159,-2.9479691734260314,0.9439756969451868,-5.675943679975937,0.8721220174598049
P03,basal,P03_basal_ECGv2.txt,11,150.0,180.0,222.6,247,False,67.56718128422612,63.02521008403373,73.52941176470566,889.6060606060605,899.0000000000009,38.145231839922886,49.68211448801887,37.5,33,-0.00027371915004014975,0.9880010490554633,0.9880010869715018,8.448627979395223,0.9761461478568692,1.8980724017859623,10.593964811450729,0.8861216625264206,1.0132889559277198,-12.526277406970166,0.9861148116754581,-4.20787431638923,0.9006477989864715,-2.9373562181457586,0.9441773894962111,-6.885621099330777,0.844868204414186
P03,basal,P03_basal_ECGv2.txt,12,165.0,195.0,222.6,247,False,68.18470840636063,63.02521008403373,73.52941176470566,881.4545454545454,872.9999999999905,36.85112863696831,47.123839508261106,34.375,33,-6.231573278000043e-05,0.9868096262495687,0.986809628217147,8.391383357721669,0.9737932423420639,1.892538255814727,10.543268294566568,1.5036487846609248,1.0225498633823689,-20.677792558485294,0.9770789808909537,-5.501977519343804,0.8700927034952828,-5.495631197903521,0.8955589798956363,-10.010621099330777,0.7744625207130038
P03,basal,P03_basal_ECGv2.txt,13,180.0,210.0,222.6,247,False,67.9134657697792,63.49206349206395,72.99270072992677,884.7272727272726,877.0000000000095,33.8039131677761,48.291756542913596,37.5,33,-0.0003383690106509924,0.9868268657554712,0.9868269237664498,8.339201930151205,0.9738273774703544,1.8816010387067832,10.489137306239458,1.232406148079491,1.0184821020402386,-17.40506528575804,0.9807067493843606,-8.549192988536014,0.7981448407353263,-4.327714163251031,0.9177545097817942,-6.885621099330777,0.844868204414186
P03,cognitivo,P03_cognitiva_ECGv2.txt,1,0.0,30.0,235.95,286,False,71.72453441271898,67.18924972004477,78.2268578878749,837.7714285714285,842.0000000000006,32.488084434944845,43.77818419903579,38.23529411764706,35,-8.066968697057598e-05,1.0041603303462134,1.004160333586532,8.396119868460456,1.008337975548615,1.9002406552070312,10.026239415928302,5.043474791019278,1.0756357925268782,-64.36090944160219,0.928656909048002,-9.86502172136727,0.7670767833424413,-8.841286507128835,0.831976901544678,-6.150326981683719,0.8614342476379935
P03,cognitivo,P03_cognitiva_ECGv2.txt,2,15.0,45.0,235.95,286,False,71.80202859773208,66.22516556291347,78.2268578878749,837.2941176470587,833.5000000000008,37.86381450934212,53.98512702026306,48.484848484848484,34,-0.001905647313979615,0.9991016704216119,0.9991034877984064,8.432798789632905,0.9982077793309404,1.9197372141835352,10.336362504574574,5.120968976032373,1.0767979543979214,-64.838220365972,0.9281278171351447,-4.4892916469699955,0.8940032490084335,1.3656563140984304,1.0259534407277577,4.0992273855177075,1.0923548501516747
P03,cognitivo,P03_cognitiva_ECGv2.txt,3,30.0,60.0,235.95,286,False,72.22197599757082,66.22516556291347,77.41935483870981,832.4285714285714,826.0000000000005,37.90800452045296,53.17756050418686,41.17647058823529,35,0.0002507748720950429,1.0222072126818977,1.0222072434428016,8.455312168609062,1.0449076485469309,1.881503615251354,9.838150671936827,5.54091637587112,1.0830958057251383,-69.70376658445923,0.922734433023448,-4.445101635859153,0.8950466202064692,0.5580897980222304,1.010606146176169,-3.209150511095487,0.9276984205332237
P03,cognitivo,P03_cognitiva_ECGv2.txt,4,45.0,75.0,235.95,286,False,74.75214925769494,68.49315068493168,82.87292817679516,804.3243243243242,798.0000000000018,37.067546492895985,41.21421006292767,22.22222222222222,37,0.0015202192396363593,1.027551828834325,1.0275529533835726,8.45261418791614,1.0558650720073024,1.8357791646991675,9.229206443950888,8.071089635995236,1.1210402126448618,-97.80801368870652,0.8915813018030911,-5.28555966341613,0.8752025496333427,-11.405260643236957,0.7832501830562736,-22.163398877108555,0.500662639652851
P03,cognitivo,P03_cognitiva_ECGv2.txt,5,60.0,90.0,235.95,286,False,74.49137958666662,66.74082313681862,82.87292817679516,807.5555555555553,805.9999999999974,41.59288705978792,41.83163532884914,20.0,36,0.00018928895395384348,0.9881348749155207,0.9881348930457925,8.334276541228583,0.9764105668546197,1.84897401341139,9.580629011597523,7.810319964966922,1.1171295118775415,-94.57678245747536,0.8951630725645163,-0.760219096524196,0.9820504523630814,-10.787835377315488,0.7949839625419941,-24.385621099330777,0.45059637568756583
P03,cognitivo,P03_cognitiva_ECGv2.txt,6,75.0,105.0,235.95,286,False,72.23085388828251,65.57377049180283,79.78723404255369,832.1714285714287,832.9999999999984,35.80460512139685,44.32334400211075,23.52941176470588,35,-0.00012144902375567442,0.9793628957295747,0.9793629032599117,8.33031437045024,0.9591516962816832,1.8623257980764416,9.895529284210337,5.549794266582808,1.0832289453417259,-69.96090944160198,0.9224493940703947,-6.548501034915269,0.8453832167410156,-8.296126704053876,0.8423373212858649,-20.856209334624896,0.5301133831618421
P03,cognitivo,P03_cognitiva_ECGv2.txt,7,90.0,120.0,235.95,286,False,72.23469686650901,65.57377049180283,78.02340702210608,831.7142857142857,832.9999999999984,30.62733441625759,40.84367616109892,20.588235294117645,35,8.871519529872292e-05,0.9868248762324298,0.9868248802201615,8.226963660219024,0.973823344221536,1.8667713577922171,9.929655685026649,5.553637244809309,1.0832865775726517,-70.41805229874501,0.9219426581538551,-11.725771740054526,0.7231425790406409,-11.775794545065708,0.7762084189173322,-23.797385805213132,0.46384921026661186
P03,cognitivo,P03_cognitiva_ECGv2.txt,8,105.0,135.0,235.95,286,False,72.73533618519751,68.33712984054559,77.72020725388688,825.7714285714288,828.000000000003,26.99900402769262,37.016689399749076,17.647058823529413,35,0.0002743334556810237,0.9805127292425071,0.9805127676197974,8.10758100649939,0.961405287465435,1.870326047180978,9.926521781624542,6.054276563497808,1.090794546425108,-76.36090944160185,0.9153550912388434,-15.354102128619495,0.6374740007981401,-15.602781306415551,0.7034789385559591,-26.738562275801364,0.3975850373713817
P03,cognitivo,P03_cognitiva_ECGv2.txt,9,120.0,150.0,235.95,286,False,73.36830997424063,67.87330316741969,80.32128514056379,819.1388888888891,828.000000000003,33.4118480078815,42.66313229409218,28.57142857142857,36,0.0015204089115285005,0.9855777349870053,0.9855789077214335,8.402165931886024,0.9713657833453739,1.8747539655186787,9.72344826694411,6.687250352540929,1.1002871038714677,-82.99344912414153,0.9080030216997468,-8.941258148430613,0.7888877827418085,-9.956338412072448,0.8107860402536126,-15.814192527902208,0.643709108125094
P03,cognitivo,P03_cognitiva_ECGv2.txt,10,135.0,165.0,235.95,286,False,73.43106595797205,66.15214994487243,80.32128514056379,819.1666666666669,820.0000000000074,41.68487221317454,47.03068906879713,31.428571428571427,36,-0.00021816044919967077,0.9998451027449603,0.9998451265456375,8.473465116463567,0.9996902770770619,1.8495348394675872,9.551556895913071,6.7500063362723495,1.101228240441394,-82.96567134636382,0.9080338129446752,-0.6682339431375723,0.9842223155800821,-5.588781637367497,0.8937887142845634,-12.95704967075935,0.7080800189376034
P03,cognitivo,P03_cognitiva_ECGv2.txt,11,150.0,180.0,235.95,286,False,72.98511281847829,66.15214994487243,82.07934336525369,824.6857142857144,831.9999999999936,46.550271009871054,42.49532846297999,23.52941176470588,35,-0.002237122854643929,0.9874596618409966,0.9874621959760294,8.473465116463567,0.9750815884818022,1.8423653304489727,9.751266259813661,6.3040531967785824,1.0945403872185482,-77.44662372731625,0.9141515934370622,4.197164853558938,1.0990993396816873,-10.124142243184636,0.8075970338105559,-20.856209334624896,0.5301133831618421
P03,cognitivo,P03_cognitiva_ECGv2.txt,12,165.0,195.0,235.95,286,False,71.31851585814003,66.51884700665286,80.1068090787722,843.1470588235294,847.4999999999966,39.45010838633112,41.99999999999856,33.33333333333333,34,-0.0003264772593242658,0.981551959948698,0.9815520142440397,8.433344257064055,0.9634443566665315,1.8930884749443595,10.287457632526172,4.637456236440329,1.069546828780915,-58.985279189501284,0.9346157135665729,-2.902997769980999,0.9314572640961223,-10.61947070616607,0.7981836273977961,-11.052287765997448,0.7509939594792763
P03,cognitivo,P03_cognitiva_ECGv2.txt,13,180.0,210.0,235.95,286,False,71.72584906020074,66.44518272425103,77.82101167315311,838.0571428571426,842.9999999999893,36.48121422865109,40.84763655054041,29.411764705882355,35,5.0838771243428066e-05,1.0034479838943542,1.003447985182204,8.434618756553334,1.0069078589662248,1.8774975244887881,9.967713145065554,5.0447894385010414,1.0756555079826498,-64.07519515588808,0.928973618995839,-5.871891927661025,0.861358647321174,-11.77183415562422,0.7762836836318634,-14.973856393448422,0.6626417289523028
P03,cognitivo,P03_cognitiva_ECGv2.txt,14,195.0,225.0,235.95,286,False,74.31165012883208,68.88633754305323,79.47019867549717,808.4324324324318,806.0000000000116,29.129538788489228,39.22123857753301,22.22222222222222,37,0.0018341635867321865,1.0259432120295384,1.0259448515712475,8.47901624221663,1.0525628384655492,1.8546357290190807,9.408766153771058,7.630590507132382,1.1144341519229426,-93.69990558059885,0.8961350772692893,-13.223567367822888,0.6877780978089583,-13.39823212863162,0.7453750114012083,-22.163398877108555,0.500662639652851
P03,recuperacion,P03_recuperacion_ECGv2.txt,1,0.0,30.0,274.5,318,False,66.22318863428168,62.1761658031087,72.02881152460998,907.0,903.0000000000005,30.11804731707499,40.24762064696473,25.806451612903224,32,-1.0684643091150765e-07,0.9852644614507313,0.9852644614507369,8.582846634744715,0.9707460589978106,1.958329750765351,11.225807622718293,-0.4578709874180191,0.9931334176448957,4.867661986969324,1.0053957294089362,-12.235058839237126,0.7111177915952295,-12.3718500591999,0.7648807581458534,-18.579169486427553,0.5814146783065365
P03,recuperacion,P03_recuperacion_ECGv2.txt,2,15.0,45.0,274.5,318,False,66.9297299834359,62.827225130889936,72.02881152460998,897.4242424242423,900.9999999999962,29.702725362151646,39.10163040079034,25.0,33,0.0023400108431647633,0.9961982950253352,0.9962010432950424,8.58362640364564,0.992416518662131,1.977822506200486,11.032799212272899,0.2486703617362025,1.0037292503020645,-4.70809558878841,0.9947811475208193,-12.65038079416047,0.7013116169692052,-13.517840305374285,0.7431019331064727,-19.385621099330777,0.5632454696094573
P03,recuperacion,P03_recuperacion_ECGv2.txt,3,30.0,60.0,274.5,318,False,67.75205962327527,63.62672322375412,71.85628742514962,886.6363636363635,887.9999999999982,30.997800508481664,39.880289617804465,21.875,33,-0.0008174571013447642,0.9949643060536711,0.9949646418627024,8.58362640364564,0.9899546385569757,1.9636358536834777,10.952766621191888,1.0710000015755696,1.0160615324299231,-15.495974376667164,0.9828229476721814,-11.355305647830452,0.7318896610340324,-12.739181088360162,0.7578998625908318,-22.510621099330777,0.49283978590827515
P03,recuperacion,P03_recuperacion_ECGv2.txt,4,45.0,75.0,274.5,318,False,67.96931822560136,64.10256410256362,71.85628742514962,883.6060606060609,890.0000000000006,27.780320590685726,36.60814458559875,15.625,33,-0.0001685814308387042,0.990660538804975,0.9906605531487878,8.458176940094122,0.9814083315650622,1.9609481879944595,10.91223652151687,1.288258603901653,1.019319708043188,-18.526277406969825,0.979463902770879,-14.57278556562639,0.6559216811196142,-16.011326120565876,0.6957148008961239,-28.760621099330777,0.3520284185059108
P03,recuperacion,P03_recuperacion_ECGv2.txt,5,60.0,90.0,274.5,318,False,67.27991759712813,63.55932203389813,71.77033492822979,892.625,896.4999999999995,27.449366876770323,35.3165409477799,16.129032258064516,32,0.0005120555284668937,0.9777042369153388,0.9777043710054022,8.469321812273845,0.9559058370830691,1.9762162884470447,11.211784650056448,0.5988579754284302,1.0089809306994508,-9.507338013030676,0.9894612601583812,-14.903739279541792,0.648107526646647,-17.302929758384728,0.6711686847819698,-28.25658884126626,0.36338417394158534
P03,recuperacion,P03_recuperacion_ECGv2.txt,6,75.0,105.0,274.5,318,False,68.411097843818,63.55932203389813,76.33587786259528,878.4545454545456,884.0000000000003,35.34746358394276,35.64670391494755,15.625,33,-0.0016957335696304548,0.9963889327386632,0.9963903757044382,8.469321812273845,0.9927937807964315,1.9254179893169054,10.656155320970885,1.7300382221182957,1.0259449719595533,-23.677792558485066,0.9737535264386642,-7.005642572369354,0.8345896391515251,-16.972766791217076,0.677443224657358,-28.760621099330777,0.3520284185059108
P03,recuperacion,P03_recuperacion_ECGv2.txt,7,90.0,120.0,274.5,318,False,70.05597388909297,65.64551422319464,76.33587786259528,857.6470588235296,855.4999999999993,32.329630234312084,35.78513319209216,18.181818181818183,34,0.00010535590470285119,1.0023086018444711,1.0023086073816214,8.405857797137479,1.0046225444312853,1.9238660742350517,10.375031403846505,3.3749142673932653,1.0506127869973887,-44.48527918950106,0.950688743419307,-10.023475922000031,0.7633355181788437,-16.834337514072466,0.6800739861471042,-26.203802917512593,0.40963306880687805
P03,recuperacion,P03_recuperacion_ECGv2.txt,8,105.0,135.0,274.5,318,False,69.78602935148253,64.23982869378935,75.18796992481185,860.9411764705884,863.9999999999973,32.17936584914051,36.304269721343914,21.21212121212121,34,-0.00014502813077568751,1.0020980253406986,1.00209803583526,8.466504503326641,1.004200473424886,1.9135321238371032,10.321465741874315,3.104969729782823,1.0465644929369478,-41.19116154244227,0.9543402228178995,-10.173740307171606,0.7597876229048348,-16.315200984820713,0.6899398499097918,-23.173499887209566,0.47790524694135766
P03,recuperacion,P03_recuperacion_ECGv2.txt,9,120.0,150.0,274.5,318,False,69.49979970768025,64.23982869378935,74.07407407407386,864.3235294117648,866.499999999995,30.031014865178093,38.79901592004447,24.242424242424242,34,-0.0001439360315950656,1.0047391611846896,1.0047391714946199,8.446470319018287,1.009500802735695,1.9056716532263982,10.233909296898956,2.8187400859805507,1.042271975010176,-37.80880860126592,0.958089509700383,-12.322091291134022,0.7090628667078862,-13.820454786120159,0.7373509349173095,-20.143196856906535,0.5461774250758373
P03,recuperacion,P03_recuperacion_ECGv2.txt,10,135.0,165.0,274.5,318,False,69.93613875178202,64.58557588805152,76.14213197969438,859.1212121212121,859.0000000000089,32.50938093050753,38.42647199522887,21.875,33,-0.0005898948899723659,0.99095488264102,0.9909550582171014,8.549033260138337,0.9819919274060589,1.9384669181364669,10.586930921477014,3.255079130082322,1.0488156479298514,-43.01112589181855,0.9523228199683522,-9.843725225804583,0.767579615306739,-14.192998710935754,0.7302709715536349,-22.510621099330777,0.49283978590827515
P03,recuperacion,P03_recuperacion_ECGv2.txt,11,150.0,180.0,274.5,318,False,72.26001773684234,64.58557588805152,83.21775312066532,832.857142857143,834.0000000000032,45.93098586123184,37.71136511481999,20.588235294117645,35,-7.932933692694514e-05,1.0154056562971292,1.0154056593959615,8.549033260138337,1.0310486531333474,1.9159102896710654,9.990607489045672,5.57895811514264,1.0836663086458678,-69.27519515588767,0.9232094979452039,3.5778797049197237,1.0844773861854402,-14.908105591344636,0.7166808143207324,-23.797385805213132,0.46384921026661186
P03,recuperacion,P03_recuperacion_ECGv2.txt,12,165.0,195.0,274.5,318,False,74.88662950255099,68.33712984054559,83.21775312066532,803.3513513513517,807.9999999999927,41.65680964488046,36.67196931354195,19.444444444444446,37,0.0003408783646654973,1.0275538686258174,1.0275539251669195,8.361645182585209,1.0558670691259433,1.8818604280380617,9.41417746612289,8.205569880851286,1.1230569809088784,-98.78098666167898,0.8905027760347816,-0.6962965114316546,0.9835597297430361,-15.947501392622677,0.6969277497739188,-24.94117665488633,0.4380798096962446
P03,recuperacion,P03_recuperacion_ECGv2.txt,13,180.0,210.0,274.5,318,False,73.08078332707893,66.74082313681862,82.64462809917366,823.1111111111113,820.5000000000098,41.79731896923598,37.72873099983057,22.857142857142858,36,0.00209428705432574,1.0103204363394847,1.010322606954567,8.377950328140235,1.0207517701234725,1.9311044988749435,9.885319127416372,6.39972370537923,1.095975135093633,-79.02122690191936,0.9124061697245377,-0.5557871870761346,0.986877298089427,-14.89073970633406,0.7170108420609875,-21.52847824218792,0.5149672865000753
P03,recuperacion,P03_recuperacion_ECGv2.txt,14,195.0,225.0,274.5,318,False,70.29886855320754,65.4307524536531,75.56675062972457,854.7647058823534,859.0000000000089,33.26300959754936,35.96926297254347,21.21212121212121,34,0.0007594634029712244,0.999432095775649,0.9994323843318099,8.416669158480277,0.9988650908511666,1.9384083178609481,10.372326162464088,3.617808931507838,1.0542554205351966,-47.36763213067729,0.9474936989455386,-9.090096558762752,0.7853735561870234,-16.65020773362116,0.6835732570059755,-23.173499887209566,0.47790524694135766
P03,recuperacion,P03_recuperacion_ECGv2.txt,15,210.0,240.0,274.5,318,False,70.40738400660895,65.4307524536531,74.81296758104808,853.2647058823527,859.9999999999994,30.75840247213922,36.62587262379474,15.151515151515152,34,-0.0015076462062188704,1.0052963430843882,1.0052974735947202,8.379897117084429,1.010623010415927,1.9005176437039633,10.197726354144665,3.7263243849092476,1.0558828009940113,-48.867632130677976,0.945830971719393,-11.594703684172895,0.7262372294164102,-15.993598082369886,0.696051711130265,-29.234105947815625,0.3413608906723984
P03,recuperacion,P03_recuperacion_ECGv2.txt,16,225.0,255.0,274.5,318,False,71.1247860376547,66.96428571428672,74.81296758104808,844.3529411764706,843.0000000000035,25.768059101827337,36.166701577976546,18.181818181818183,34,0.00012769051908505808,1.0037227591574633,1.0037227672796607,8.422986503040018,1.0074593935555398,1.9310182308067607,10.347406673195769,4.443726415954998,1.0666415087157508,-57.77939683656007,0.9359524158464149,-16.58504705448478,0.6084101365960141,-16.45276912818808,0.6873254537267598,-26.203802917512593,0.40963306880687805
P03,recuperacion,P03_recuperacion_ECGv2.txt,17,240.0,270.0,274.5,318,False,70.6560806754702,65.43075245365108,76.14213197969438,850.3529411764699,853.4999999999968,32.03396147929683,38.253936220521304,24.242424242424242,34,-0.00025387810458022005,1.007199276025138,1.0071993080218304,8.428272736274945,1.0144504460796542,1.9331899261108523,10.36117286545476,3.9750210537705044,1.0596124458177767,-51.77939683656075,0.9426033247509936,-10.319144677015288,0.7563544775457427,-14.365534485643323,0.7269920374938258,-20.143196856906535,0.5461774250758373
