HR_mean,RR_mean,SDNN,RMSSD,pNN50,HR_mean_delta_basal,RR_mean_delta_basal,SDNN_delta_basal,RMSSD_delta_basal,pNN50_delta_basal,HR_mean_ratio_basal,RR_mean_ratio_basal,SDNN_ratio_basal,RMSSD_ratio_basal,pNN50_ratio_basal,label
80.33077464137855,750.8947368421052,57.175306271380606,19.983100968676748,2.7027027027027026,8.062000149783003,-85.67784482705065,5.500290543309248,-12.001697621883007,-6.951495491705718,1.1115557888797543,0.8975846845756007,1.1064400361724773,0.6247686979206027,0.27995102734353133,no_recuperado
81.70950806228667,735.5128205128203,30.04721880016222,19.31865746670211,0.0,9.440733570691123,-101.05976115633553,-21.627796927909138,-12.666141123857646,-9.654198194408421,1.1306336469257414,0.8791978563836053,0.5814651118497813,0.6039949700481769,0.0,no_recuperado
78.44641278524404,766.2564102564104,33.769900915271776,23.584673881681713,5.263157894736842,6.177638293648485,-70.31617141274546,-17.90511481279958,-8.400124708878042,-4.391040299671579,1.0854814314634174,0.9159473153274419,0.65350538242656,0.7373713426678472,0.5451677900900347,no_recuperado
76.9470724079376,781.578947368421,38.09705357050491,28.181362443806698,13.513513513513514,4.678297916342046,-54.99363430073481,-13.577962157566446,-3.8034361467530573,3.859315319105093,1.0647347066454835,0.9342631643616507,0.737243192551357,0.8810861310886718,1.3997551367176568,no_recuperado
74.46065902680543,809.4166666666666,55.66500567809934,33.32566578479607,17.142857142857142,2.19188453520988,-27.155915002489223,3.989989950027983,1.340867194236317,7.488658948448721,1.0303296209272899,0.9675390807713219,1.077213134699841,1.0419220146232864,1.775689373436113,recuperado
70.20514411573465,857.735294117647,51.69215919883901,33.40205038162815,15.151515151515152,-2.063630375860896,21.162712448491106,0.01714347076764966,1.417251791068395,5.497316957106731,0.9714450619873056,1.025296923318078,1.0003317555016888,1.0443101677522113,1.5694224260167666,recuperado
67.9860451245236,884.5757575757576,44.327636909036386,34.21987726453615,15.625,-4.282729367071951,48.00317590660177,-7.347378819034972,2.235078673976396,5.970801805591579,0.9407388682428812,1.0573807664253403,0.8578156442622297,1.0698794043566706,1.6184668768297905,recuperado
67.79534625326119,887.0000000000005,43.588272505343205,33.27536626395058,15.625,-4.473428238334364,50.4274183308446,-8.086743222728153,1.2905676733908251,5.970801805591579,0.9381001231886864,1.0602785931977716,0.8435076775731836,1.0403494075392343,1.6184668768297905,recuperado
67.6545156435866,888.28125,36.64585033498686,30.926551907760402,12.903225806451612,-4.614258848008944,51.70866833084415,-15.029165393084497,-1.0582466827993535,3.249027612043191,0.9361514169782199,1.061810139925544,0.7091599261009954,0.9669140738903482,1.3365403886078269,recuperado
71.107770163803,847.9117647058827,59.87783909739315,30.218898361485227,9.090909090909092,-1.1610043277925541,11.339183036726808,8.202823369321791,-1.7659002290745285,-0.5632891034993293,0.9839349105341814,1.0135543326247944,1.158738671943273,0.944789390370095,0.94165345561006,recuperado
70.47114065209101,856.0588235294117,63.133788281841426,29.200456617429655,9.090909090909092,-1.7976338395045417,19.48624186025586,11.458772553770068,-2.7843419731301005,-0.5632891034993293,0.9751257185118921,1.0232929482596433,1.2217468614633693,0.9129479597863751,0.94165345561006,recuperado
66.37197732359924,910.0937499999997,76.40653551467169,49.876945349720934,12.903225806451612,-5.896797167996311,73.5211683308438,24.73151978660033,17.89214675916118,3.249027612043191,0.918404633128488,1.087883789095923,1.4785972377201515,1.5593953236410876,1.3365403886078269,recuperado
67.10335577942477,900.6363636363637,79.29565647854656,47.26355625638015,15.625,-5.165418712170776,64.06378196720789,27.620640750475204,15.278757665820393,5.970801805591579,0.9285248885357605,1.0765788687926945,1.5345066733181636,1.4776880999441369,1.6184668768297905,recuperado
66.18935703075809,908.3125000000001,40.81147648521467,23.796855308646563,6.451612903225806,-6.079417460837462,71.73991833084426,-10.863539242856689,-8.187943281913192,-3.202585291182615,0.9158776732606076,1.0857545655963365,0.7897719218892216,0.7440051636176366,0.6682701943039134,recuperado
65.74877338974831,913.6774193548391,32.02539315061689,27.884882403672325,6.666666666666667,-6.520001101847242,77.10483768568326,-19.649622577454465,-4.09991618688743,-2.987531527741754,0.9097812139791372,1.0921675409584202,0.6197461713247197,0.8718167264590025,0.6905458674473773,recuperado
68.65111825661445,876.3333333333337,45.97395095776032,31.085064741767244,9.375,-3.617656234981098,39.76075166417786,-5.701064770311035,-0.8997338487925113,-0.279198194408421,0.9499416413183842,1.047528155399076,0.8896746388949031,0.9718699542144978,0.9710801260978743,recuperado
71.99965817973437,835.7142857142857,44.699369273463354,30.029887073500195,11.76470588235294,-0.26911631186118257,-0.8582959548701865,-6.975646454608004,-1.9549115170595606,2.1105076879445193,0.9962761744092882,0.9989740328888645,0.86500930176169,0.9388799803905425,1.218610354318901,recuperado
74.01415138223747,814.7500000000006,59.05947365640512,40.02570602572462,20.0,1.7453768906419214,-21.822581669155284,7.3844579283337595,8.040907435164861,10.345801805591579,1.0241511898177393,0.9739142996706703,1.142901899966376,1.2513977823683442,2.0716376023421317,recuperado
72.9871204141507,825.9722222222225,57.68212702196394,36.80605540242197,11.428571428571429,0.7183459225551445,-10.60035944693334,6.007111293892585,4.821256811862213,1.7743732341630079,1.0099399211846145,0.9873288227713809,1.1162478851579594,1.150735881553595,1.1837929156240754,recuperado
79.86113001062061,762.9230769230769,87.96781247927366,81.61865756772683,28.947368421052634,1.3511920643734783,-2.5775566638448026,61.74782609913947,59.932523645300265,27.789423772803275,1.0172104589523252,0.9966328484252625,3.3549907770327168,3.7636333824961525,24.998922413793107,no_recuperado
73.3611732750304,819.4444444444443,36.66796534496661,33.87034100802589,17.142857142857142,-5.148764671216739,53.943810857522635,10.44797896483242,12.18420708559933,15.984912494607785,0.9344189435642923,1.0704686691175642,1.398473851715973,1.5618432095450225,14.804556650246305,recuperado
76.31467527722575,788.3783783783784,41.755472928941124,23.332738087646003,2.7777777777777777,-2.195262669021389,22.877744791456735,15.535486548806933,1.6466041652194434,1.6198331295284203,0.9720384103408105,1.0298859906676472,1.592505515585528,1.075928894062423,2.3988864942528734,recuperado
78.26158030569195,767.7105263157897,28.77302405429455,22.38182177450936,2.7027027027027026,-0.2483576405551844,2.209892728867999,2.5530376741603575,0.6956878520827985,1.5447580544533452,0.9968366088796908,1.0028868594380034,1.0973699084792312,1.0320798467154793,2.334051724137931,recuperado
78.23091154887145,767.9473684210526,27.85575525803773,19.871206930248704,2.7027027027027026,-0.2790263973756879,2.4467348341308934,1.635768877903537,-1.8149269921778561,1.5447580544533452,0.9964459735330994,1.0031962544859907,1.0623863359114059,0.9163093339426,2.334051724137931,recuperado
79.3098714539642,757.1538461538464,21.869876496580755,17.19164423721379,0.0,0.7999335077170713,-8.346787433075292,-4.350109883553436,-4.49448968521277,-1.1579446482493574,1.010188945866506,0.9890963023845394,0.8340918328298852,0.7927482279095941,0.0,recuperado
78.69170083527595,763.2368421052632,24.361505090998268,18.442020174268844,0.0,0.18176288902881765,-2.2637914816584725,-1.8584812891359235,-3.244113748157716,-1.1579446482493574,1.0023151577212208,0.9970427307537931,0.9291196699269066,0.8504060816113084,0.0,recuperado
79.45989541781736,755.947368421053,25.66093610015591,16.49569968531662,0.0,0.9499574715702295,-9.553265165868652,-0.5590502799782797,-5.19043423710994,-1.1579446482493574,1.0120998372488923,0.9875202387212866,0.9786784679490966,0.7606565441458291,0.0,recuperado
79.51558244150353,755.5641025641029,27.80457636678739,18.658284458846204,0.0,1.0056444952563908,-9.936531022818826,1.5845899866531994,-3.027849463580356,-1.1579446482493574,1.0128091362897895,0.9870195652533179,1.060434432103816,0.8603785499798502,0.0,recuperado
77.75970720673403,772.8157894736846,31.126468499521863,21.934176713703977,0.0,-0.7502307395130998,7.315155886762909,4.906482119387672,0.2480427912774168,-1.1579446482493574,0.990444130270148,1.0095560415835139,1.187127561710143,1.0114378520470588,0.0,recuperado
75.30231720780196,798.166666666667,33.39846018691703,23.060789231938966,0.0,-3.207620738445172,32.66603307974526,7.178473806782836,1.3746553095124057,-1.1579446482493574,0.9591437616389238,1.0426727707940375,1.2737787008242565,1.0633886756592799,0.0,recuperado
75.76554857309321,793.3243243243245,33.68898109838678,23.601435926187698,0.0,-2.744389373153922,27.823690737402785,7.468994718252592,1.9153020037611377,-1.1579446482493574,0.9650440511743507,1.036347051219316,1.2848588328753496,1.0883192002139415,0.0,recuperado
76.65300450048062,783.5789473684214,25.702698963283936,23.390919929223347,0.0,-1.856933445766515,18.078313781499673,-0.5172874168502553,1.7047860067967875,-1.1579446482493574,0.9763477911925253,1.0236163276531722,0.9802712553183406,1.0786117992674478,0.0,recuperado
75.3566215095895,796.8611111111106,22.886243875530596,22.911007959375855,0.0,-3.153316436657633,31.360477524188923,-3.3337425046035953,1.224874036949295,-1.1579446482493574,0.9598354486177713,1.0409672783381543,0.8728549108961614,1.0564818995091882,0.0,recuperado
76.74453643994897,783.0270270270274,31.163980710007092,23.688370329951933,0.0,-1.7654015062981614,17.52639344010572,4.9439943298729006,2.0022364075253734,-1.1579446482493574,0.9775136555641292,1.0228953349887928,1.1885582340965197,1.0923279554893266,0.0,recuperado
78.77328628789344,762.5128205128204,25.541371799774243,21.633307652785412,0.0,0.2633483416463065,-2.9878130741012683,-0.6786145803599481,-0.052826269641148116,-1.1579446482493574,1.003354331292767,0.9960969162623665,0.974118423613137,0.9975640531488871,0.0,recuperado
77.56880340897422,774.5263157894733,28.31649012654656,23.319751516921947,0.0,-0.9411345372729158,9.025682202551593,2.0965037464123704,1.6336175944953872,-1.1579446482493574,0.9880125425915216,1.0117905613745344,1.0799582317098686,1.075330051928066,0.0,recuperado
74.72223708010536,804.1388888888891,31.116511719461617,25.800885920563225,2.857142857142857,-3.787700866141776,38.63825530196743,4.896525339327425,4.114751998136665,1.6991982088934998,0.9517551412569568,1.0504744916028605,1.1867478216173797,1.1897411503984776,2.4674261083743843,recuperado
74.6931390832104,804.7777777777787,35.23156953732611,28.25192787353506,11.428571428571429,-3.8167988630367375,39.27714419085703,9.011583157191918,6.5657939511085,10.270626780322072,0.9513845130580799,1.0513090942940377,1.343691374455466,1.302764613305211,9.869704433497537,recuperado
66.22318863428168,907.0,30.11804731707499,40.24762064696473,25.806451612903224,-0.4578709874180191,4.867661986969324,-12.235058839237126,-12.3718500591999,-18.579169486427553,0.9931334176448957,1.0053957294089362,0.7111177915952295,0.7648807581458534,0.5814146783065365,no_recuperado
66.9297299834359,897.4242424242423,29.702725362151646,39.10163040079034,25.0,0.2486703617362025,-4.70809558878841,-12.65038079416047,-13.517840305374285,-19.385621099330777,1.0037292503020645,0.9947811475208193,0.7013116169692052,0.7431019331064727,0.5632454696094573,no_recuperado
67.75205962327527,886.6363636363635,30.997800508481664,39.880289617804465,21.875,1.0710000015755696,-15.495974376667164,-11.355305647830452,-12.739181088360162,-22.510621099330777,1.0160615324299231,0.9828229476721814,0.7318896610340324,0.7578998625908318,0.49283978590827515,no_recuperado
67.96931822560136,883.6060606060609,27.780320590685726,36.60814458559875,15.625,1.288258603901653,-18.526277406969825,-14.57278556562639,-16.011326120565876,-28.760621099330777,1.019319708043188,0.979463902770879,0.6559216811196142,0.6957148008961239,0.3520284185059108,no_recuperado
67.27991759712813,892.625,27.449366876770323,35.3165409477799,16.129032258064516,0.5988579754284302,-9.507338013030676,-14.903739279541792,-17.302929758384728,-28.25658884126626,1.0089809306994508,0.9894612601583812,0.648107526646647,0.6711686847819698,0.36338417394158534,no_recuperado
68.411097843818,878.4545454545456,35.34746358394276,35.64670391494755,15.625,1.7300382221182957,-23.677792558485066,-7.005642572369354,-16.972766791217076,-28.760621099330777,1.0259449719595533,0.9737535264386642,0.8345896391515251,0.677443224657358,0.3520284185059108,no_recuperado
70.05597388909297,857.6470588235296,32.329630234312084,35.78513319209216,18.181818181818183,3.3749142673932653,-44.48527918950106,-10.023475922000031,-16.834337514072466,-26.203802917512593,1.0506127869973887,0.950688743419307,0.7633355181788437,0.6800739861471042,0.40963306880687805,no_recuperado
69.78602935148253,860.9411764705884,32.17936584914051,36.304269721343914,21.21212121212121,3.104969729782823,-41.19116154244227,-10.173740307171606,-16.315200984820713,-23.173499887209566,1.0465644929369478,0.9543402228178995,0.7597876229048348,0.6899398499097918,0.47790524694135766,no_recuperado
69.49979970768025,864.3235294117648,30.031014865178093,38.79901592004447,24.242424242424242,2.8187400859805507,-37.80880860126592,-12.322091291134022,-13.820454786120159,-20.143196856906535,1.042271975010176,0.958089509700383,0.7090628667078862,0.7373509349173095,0.5461774250758373,no_recuperado
69.93613875178202,859.1212121212121,32.50938093050753,38.42647199522887,21.875,3.255079130082322,-43.01112589181855,-9.843725225804583,-14.192998710935754,-22.510621099330777,1.0488156479298514,0.9523228199683522,0.767579615306739,0.7302709715536349,0.49283978590827515,no_recuperado
72.26001773684234,832.857142857143,45.93098586123184,37.71136511481999,20.588235294117645,5.57895811514264,-69.27519515588767,3.5778797049197237,-14.908105591344636,-23.797385805213132,1.0836663086458678,0.9232094979452039,1.0844773861854402,0.7166808143207324,0.46384921026661186,no_recuperado
74.88662950255099,803.3513513513517,41.65680964488046,36.67196931354195,19.444444444444446,8.205569880851286,-98.78098666167898,-0.6962965114316546,-15.947501392622677,-24.94117665488633,1.1230569809088784,0.8905027760347816,0.9835597297430361,0.6969277497739188,0.4380798096962446,no_recuperado
73.08078332707893,823.1111111111113,41.79731896923598,37.72873099983057,22.857142857142858,6.39972370537923,-79.02122690191936,-0.5557871870761346,-14.89073970633406,-21.52847824218792,1.095975135093633,0.9124061697245377,0.986877298089427,0.7170108420609875,0.5149672865000753,no_recuperado
70.29886855320754,854.7647058823534,33.26300959754936,35.96926297254347,21.21212121212121,3.617808931507838,-47.36763213067729,-9.090096558762752,-16.65020773362116,-23.173499887209566,1.0542554205351966,0.9474936989455386,0.7853735561870234,0.6835732570059755,0.47790524694135766,no_recuperado
70.40738400660895,853.2647058823527,30.75840247213922,36.62587262379474,15.151515151515152,3.7263243849092476,-48.867632130677976,-11.594703684172895,-15.993598082369886,-29.234105947815625,1.0558828009940113,0.945830971719393,0.7262372294164102,0.696051711130265,0.3413608906723984,no_recuperado
71.1247860376547,844.3529411764706,25.768059101827337,36.166701577976546,18.181818181818183,4.443726415954998,-57.77939683656007,-16.58504705448478,-16.45276912818808,-26.203802917512593,1.0666415087157508,0.9359524158464149,0.6084101365960141,0.6873254537267598,0.40963306880687805,no_recuperado
70.6560806754702,850.3529411764699,32.03396147929683,38.253936220521304,24.242424242424242,3.9750210537705044,-51.77939683656075,-10.319144677015288,-14.365534485643323,-20.143196856906535,1.0596124458177767,0.9426033247509936,0.7563544775457427,0.7269920374938258,0.5461774250758373,no_recuperado
75.99892211059698,783.507551437549,35.292151268682815,20.838602497533575,4.104812028169142,6.2190647176361304,-71.47753416306125,-17.938710971712418,-10.047272456434266,-2.9810731716136125,1.110809792566921,0.9177617345322537,0.7303537409498465,0.7740169800086415,0.005530184589619402,no_recuperado
70.70980893179468,834.4073206520276,33.93110264546801,38.356201547886776,21.71055680797607,3.0344252889388468,-38.521490384673896,-10.152727568945327,-15.02005952771974,-23.075208174883446,1.0655644740302057,0.962763441625829,0.7957171811747337,0.7640407998932631,1.8377993114248916,no_recuperado
67.35980522006908,857.0086748916567,36.34439115029585,37.23572625783827,15.523638731538279,1.4577872156420981,-26.70560030931005,-5.70469537978902,-15.53761275707278,-27.889764347705714,1.00546168182006,0.9805355636498307,0.842544558506847,0.6945850917432527,0.8992876572501162,no_recuperado
70.77042397597936,872.1740464441141,33.37238246750706,36.37619694890731,21.77367981687527,3.1456205363381513,-48.541586088853045,-10.030669518562691,-17.883820886100715,-23.614644330179203,1.1015369199577223,0.9228826131514286,0.8513848070923448,0.5516618067548479,0.26759669251381313,no_recuperado
83.14650621160148,751.2063085446342,31.331206056025263,18.827828829983794,0.0,9.718758919075102,-101.76230319928221,-24.178702151603023,-14.854412350627602,-11.12838569101056,1.147496846880476,0.8829544684390181,0.6285381479635002,0.570504846716904,0.0995632837070966,no_recuperado
71.98213363584887,842.4613289796539,32.77322615155567,37.32227906961024,23.919471899606716,3.851319661588314,-56.1709735987101,-9.345378146556017,-15.271906341031562,-20.123164633495012,1.074894600109637,0.9552303778849175,0.8017163336368027,0.7192722701598095,0.280345130029961,no_recuperado
66.25345824146366,823.5648150357925,30.038651959628993,34.90065025197983,21.567737945947105,2.811551073943682,-42.57991787842777,-7.575759760573338,-17.003113269875513,-21.99101739612607,1.0172517595206525,0.9484585030753828,0.6950209740017416,0.6633648020484213,1.0056206532402718,no_recuperado
66.42570045513516,868.8245236286448,32.71439174871082,34.94887037083695,16.89548620560338,3.398287688428749,-46.42977725446253,-9.55820875395437,-16.792143072362304,-23.635619173932895,1.0430686845115005,0.9214979170647022,0.7755574261293783,0.6973183874208231,1.2632059327740666,no_recuperado
67.64628849226929,936.8203470819399,27.77878015346037,38.20118360861273,24.175770002421295,0.12235328372338888,-9.763809301477023,-11.380311625570819,-13.946931473074487,-21.743812255403167,0.9731482574079774,1.0041374774687244,0.7584499211576056,0.899615331901078,2.393157672769785,no_recuperado
71.53449706597695,825.10924165321,28.583366163767256,38.63073864326904,23.51927743159419,3.840425373999105,-54.02724845182726,-10.600674862796636,-12.30722672524973,-19.891395824909537,1.0545697023877827,0.91331700462986,0.6421849151202952,0.688872877808128,0.5124018618131039,no_recuperado
70.20946566206852,884.4499829184982,31.701299478920667,36.7586701084635,21.01648624947968,3.020071091215014,-35.19457770295477,-11.486197620761061,-12.573954768834188,-23.95831335758442,1.0781270985226012,0.9633207476560965,0.7569010087732359,0.7270758081315348,0.08163163579016469,no_recuperado
70.99347456408333,845.9406015117028,30.346057201511545,33.98644302803206,18.335342715155875,3.886615594067295,-43.897729299430466,-10.260709104066397,-16.282434069453654,-24.109848214830564,1.057527368832679,0.9389688266377639,0.8387554645890866,0.7136819839588873,1.3740912968854408,no_recuperado
64.47112853345193,860.5896654372783,32.374658068640585,41.52768049932595,24.840309774820184,0.12449928562267092,0.6588821800622764,-14.86406652671844,-15.245474189531633,-18.354154506231176,0.9918469491780681,0.994628293427222,0.6901690874145231,0.7695626545782132,1.447147254196398,no_recuperado
69.97567618063792,877.5729791383533,28.86127922420077,36.235698836410755,20.46203084976245,2.7100158235696274,-44.41607011814947,-10.841864762729088,-14.54667915275762,-25.30014809924345,1.0475262279123971,0.9404783518712241,0.7374488907166344,0.7685408451963097,0.8158429555222677,no_recuperado
79.95842781435945,735.2173475146748,56.79133037887986,20.324413879448546,2.859772460622383,7.7106063890115975,-85.34553202602021,5.956663578667131,-7.140691574691382,-3.942290010202688,1.0831029613106498,0.8898461574577489,1.0066715793949783,0.5784662328102925,0.47815168169348526,no_recuperado
74.87406785784492,814.6404623969491,44.872287153718766,34.68906752000877,20.443536813069787,5.234684874556192,-71.21949755024526,1.8244794382873493,-15.09011773503064,-26.615608410574076,1.035972683475188,0.9821817326641116,0.996708848728552,0.6307094701866224,1.6174350506550756,no_recuperado
70.5122131184463,814.0178168714922,42.35010714964273,40.161863503412874,21.979290140473367,6.320241915670869,-76.16654847745825,0.31358565964364793,-15.617061769511531,-21.743040916131214,1.0507695865140942,0.9058868339204714,0.968716640714783,0.7352094379130232,0.1662205401045826,no_recuperado
71.04699660178667,883.7036411008469,32.581183737064734,36.280228417905214,18.229102198214015,3.374941614803786,-47.13511397657913,-9.390603365007259,-17.022188803161402,-22.847758676513315,1.1002023903681544,0.9616933426453853,0.7113149801946738,0.5928778091045799,1.1576735309061146,no_recuperado
68.94836881897278,837.3602580658968,29.28132688160396,37.24773873254306,14.637223133121806,1.1354619440807832,-17.5578078042911,-14.467871193222335,-16.575481253779277,-28.926547176355704,1.011614342815568,0.9839467869764914,0.7562389353201371,0.4945277316688559,0.20328591799184145,no_recuperado
69.86782704561934,871.9985665072954,29.42909232546465,36.32643959501025,24.534190631628586,3.3784844279432322,-43.44172947576114,-10.594751778117924,-14.45480615278598,-20.24152015789187,1.0093497767030757,0.9484763411947217,0.797691895253078,0.7830222633013378,1.6340730218640838,no_recuperado
71.33483233907639,897.905839298812,31.4688878639349,37.791261465543,14.887702262154965,3.747888421896677,-51.42883694360772,-9.615898407467835,-18.268791769372104,-27.97973841802246,1.0498436458156808,0.9790650250155243,0.7774268496089178,0.8387627391016924,0.8002890455443318,no_recuperado
71.354885616905,801.7377436936008,39.75998284281523,35.94249326288966,20.78874851304684,8.412161422354387,-101.34772430064862,-2.7233598091205744,-15.884202248585742,-26.891726768673255,1.1004451176978978,0.8988381350517474,1.0623217844019492,0.7446454104108646,-1.0008551715083032,no_recuperado
78.61593604785,775.7707927857008,36.38564411316628,20.680677263085677,4.737345435182814,6.3691202919724885,-76.12438594837094,-14.953757517744233,-7.688862667973361,-3.033684898249736,1.066888969173608,0.938308255341507,0.726347188332,0.7556254452050923,0.6923720795803195,no_recuperado
70.06346373715242,841.9372406221504,29.79224810971676,38.58434128770521,24.58346992445266,3.1427311102534903,-41.696154598415234,-12.57206354733626,-10.959903190175918,-21.33541584012639,1.016561730525976,0.96390433290461,0.766627845213866,0.7382465642672915,1.3807676743857318,no_recuperado
78.89034009718092,794.5715211231518,41.86422736819429,27.89259848598835,11.731292434652019,5.198153296313546,-56.67448021720289,-13.36224079724881,-1.2748167038901101,1.2903609343025622,1.0247545397654354,0.889382714584996,0.6831038744045559,0.9155469689154178,1.7289462847218826,no_recuperado
66.97203702539161,799.5814461830557,32.597349108696406,37.7624498016594,22.283643821396133,3.4825457824008055,-42.50345091814253,-8.323737574675569,-13.750413063955298,-21.66075126564328,1.0266434775865798,0.9471913785247978,0.7809945968840897,0.7945879513878705,0.24556944135846331,no_recuperado
81.58674772249901,744.9062283511736,56.973690988876974,21.15064449488039,0.9297879620973073,7.641880915014983,-91.12099180132643,0.8339133616198708,-13.311362586062378,-5.74990395582206,1.1020558528853397,0.9029106850249595,1.1806961724631384,0.7288391412428951,0.2365322483405464,no_recuperado
81.46907504638624,765.3802137761265,30.196320542887566,18.140024035095117,0.0,8.960968709354985,-104.32132553758136,-22.34369912351238,-11.114493885239659,-6.895232440278334,1.0837514191024187,0.8895590484242868,0.5105272387474554,0.6412040176080759,-0.08232271240089568,no_recuperado
70.77331851552181,825.7238106303098,40.677650494173,35.92050764072657,18.49285268820952,7.9935507088480735,-97.20961066404173,-1.0747158524700136,-15.31288591823937,-24.36089567681714,1.1675523296586658,0.8813452154668513,0.8828766653772943,0.7805817906777225,0.22990448968697436,no_recuperado
70.58866034567968,857.554125484607,32.7438397430904,39.05030925596299,23.059686619265484,3.12745254624417,-40.60288092327977,-8.021654336345613,-17.94809305555016,-22.63947741940139,1.0457524787863057,0.9633274797919027,0.7029736736046835,0.5653418822886195,-0.8239330281051316,no_recuperado
66.11785362733221,866.3667837862671,34.872949721562684,38.373346207492894,16.608829680725314,1.4182745424609182,-22.40087523481298,-7.819649887930318,-17.521846668787372,-28.463482510056174,1.0450020367868578,0.9638429020869753,0.9071164803437636,0.5879325981975262,0.35600936397215444,no_recuperado
71.12893888423004,886.9150863073502,32.182081668307255,39.071376813765674,24.19191309694187,3.9198008218788707,-54.64195185603217,-9.458699625401579,-16.009772862812607,-19.076042586658172,1.094111954333632,0.9529681364436178,0.7368398029870541,0.7625760493649325,0.3523300497379289,no_recuperado
82.10254552915565,721.0064179771256,87.08213309851395,76.74403549237437,27.61744614548724,1.7931488604504893,0.7099021347932859,60.309129256620686,57.031330514071115,23.036299099996736,1.0006249795004447,1.0690008016660844,3.3987617586278307,3.7004526344252864,25.34771753599777,no_recuperado
72.4289245996574,825.5675415114466,41.65796997455288,38.84178630186264,23.16371992362178,6.6162933993271436,-81.54919102278043,1.2395146620765227,-11.745415371370626,-23.08395024816233,1.0667883641078193,0.948969505820937,0.9738326442922438,0.8270491342951252,0.23705386094455588,no_recuperado
72.53356099117107,867.732917969231,30.44894348902878,41.00134799921794,23.92061351280877,2.513771374962703,-39.45610651413862,-11.417589129089581,-16.843788574209754,-19.1211192043264,1.0254255876514078,0.9910807277808863,0.5458369544792513,0.6756961153573438,-0.5129283790540264,no_recuperado
68.25545587023284,881.8690983326959,30.587723363171104,39.65623777977088,22.05592277338803,0.7441859377487688,-12.900154386289739,-10.030216513851604,-11.99570897486899,-21.618313085923525,1.025096900274167,1.0428264499357547,0.7259521171960688,0.733829198679979,0.019622765269946996,no_recuperado
68.46801163955149,818.6057338325385,30.595493715624308,38.15445396894319,24.539794442360886,3.9915935343689153,-54.590732743817696,-8.519105384723797,-12.937798025272143,-20.39916613583312,1.038857303628914,0.9581118241978069,0.7691693582959725,0.6134808376615192,0.5034856709347163,no_recuperado
65.46397586420427,897.7087687559457,25.09481965238469,37.19721559397714,17.23913858308262,0.5170302441643471,-8.17259582577844,-19.72270019398369,-19.535728542165604,-28.727614056437446,0.9765280774856643,1.0106672894770745,0.7842708951639148,0.5789399475115159,-0.16254473338105285,no_recuperado
71.15515644265663,891.4534618400767,30.055618366019242,38.60445320405053,25.86254956654895,3.4397718437972897,-56.48396887532944,-11.1662026766533,-15.370741842405963,-18.840327011056676,1.0672944152210266,0.8924107705892274,0.7914919824416902,0.6817217536652925,1.3465331528326274,no_recuperado
65.65147531339507,911.9929812005843,30.937478364390557,39.73232781092225,23.50058715023478,0.4230193333931297,-8.506467068937715,-12.179914778274599,-16.26693785191712,-18.67001840914023,0.9794410428966174,0.9565029244437354,0.749975474740239,0.7620431963208062,0.17766665302732243,no_recuperado
76.26238193810337,812.2299339811491,41.84928340846882,38.10722521037955,22.30592279134698,6.55239446800827,-80.98026625988335,-1.3789130035122512,-12.259604682302674,-23.196883412426104,1.0166447176193818,0.9565010353231285,1.160674766887012,0.6852438821634897,-0.7013713730703796,no_recuperado
72.45326140566263,818.4212583968017,39.99536391950583,38.54446014606753,23.323715205229387,5.9154645878986205,-76.45351129689813,3.5488306545127504,-14.558700446587626,-22.069322551111426,1.0913061753308126,0.9292470918289443,0.8688907738176416,0.7298965783213266,0.2697550452390025,no_recuperado
77.13199830902487,818.8102057376875,44.49669994880118,36.17522198916524,23.37953568001035,6.50322471462016,-82.21269802684006,-0.20105995733965926,-12.549479653481281,-22.04762392188224,1.0403446653037167,0.911925436787463,0.9253556529440723,0.6901765079603007,0.46372998305245894,no_recuperado
75.99028098994366,773.956474326328,86.58833987195172,75.3387278622123,29.64552166406897,1.4394529324860201,-5.199175791364063,59.11464817549673,61.54639023446852,28.349548890277674,1.0899186977964228,1.009196061225954,3.394012990927537,3.744785716589325,25.61147790980144,no_recuperado
74.45123481168032,854.0203739892812,40.953587556280446,37.11589735702957,22.430959543121432,6.655981403102951,-73.51862762175884,-1.473300050077004,-15.710937900518028,-21.02490810217572,1.0878946802983094,0.9384659585355463,0.8333649996794608,0.6522097127590879,0.023608063417095815,no_recuperado
64.99484815693803,872.785743905354,29.377248947739176,40.66812382151123,24.78200778704533,-0.08536273867851002,-4.917254267056689,-10.552417977961474,-15.402325164487996,-20.84557517093835,1.020548208146544,0.9881697489780995,0.7454531328598606,0.7420322317383957,1.0038918237637247,no_recuperado
64.85140502290078,897.0988906668836,29.361735589480766,37.39027055841274,23.609217693229347,0.4708859491450883,-5.996925852991817,-14.694566784733837,-13.703552804103671,-17.57703209394887,0.9350519516719433,0.9501163089198367,0.6383949069300032,0.8576361808755752,0.7407107324798906,no_recuperado
64.64041010979237,867.2832833822998,30.42748632401184,39.18365120366608,25.488127281459136,0.1878559568394165,-3.686646324966678,-12.334200560609988,-12.016044487311426,-18.091718700033432,0.9549518632265797,0.9277149357527363,0.7696044446194974,0.8362015550703321,-0.0777080894625718,no_recuperado
80.09840099210165,784.2278158360259,92.7117262151718,82.88284300993874,28.616710092646176,1.061774893514679,-2.535503177340206,61.14940634465733,57.97252280537445,31.07425976709906,1.0716872180396946,1.030599551488511,3.262307439282421,3.860172760644289,25.47862154333864,no_recuperado
67.81831375743576,931.0686395910618,30.731037321884425,40.14319640123736,25.5665561136904,0.35910312797809385,-11.258192183140316,-12.4831692788568,-14.591794767289377,-21.437631373400528,1.0543719063351555,1.0463803065987523,0.7939749008857911,0.7631067917763625,1.4114410929645724,no_recuperado
70.83573677911005,825.2740900631122,31.400910258199005,36.71086548861638,13.992748877618931,3.7097340644118857,-49.160429330688345,-8.00023999351809,-14.266956086235908,-29.215755106278067,1.0637635082397472,0.9470854948157226,0.7124038044523784,0.6112058461637452,0.24649997071897709,no_recuperado
66.23556881618899,853.3791069514978,31.825183860530277,40.4309924921142,20.285645191655977,1.0312442930223573,-11.83938121680071,-9.237246279175253,-10.758386441682532,-22.44823030000362,0.9903029909026506,0.9508704253953933,0.7553826997070673,0.7876296611933514,1.3012866285837021,no_recuperado
67.69969347657202,850.6244249499662,27.263864761958267,36.91389630718871,15.445238077188423,1.1009931874287362,-17.59758844685828,-15.580516393782933,-17.224062770678746,-28.2612587277301,1.0070269392608031,0.9866366458962461,0.6745470476945424,0.6064008595993655,0.0498079069007164,no_recuperado
75.37683135224194,803.821756174682,42.505301347616445,35.090828218936615,20.61412987018446,5.5889767965343955,-69.70710682696047,6.005814472665326,-20.069097978452945,-23.162572258002985,1.1344286478156813,0.8919741605327658,1.058584518885091,0.6576655141714985,-0.09780212457073456,no_recuperado
70.8800742708748,932.3118406701886,27.23662211345166,39.289506443829055,15.656646838892035,1.856538632871709,-18.86890543679766,-14.310717934304364,-15.305629221561787,-23.66386249750039,1.045351672951553,0.9586817004669489,0.7219819841700614,0.6673526212908579,0.04446419862736328,no_recuperado
70.00135893116834,866.3011264415069,32.53201521452433,38.900210909695105,22.253025831410543,2.627408914592592,-40.563218220796664,-11.807404244687019,-16.977942950790336,-22.60427372999844,1.0514580656420027,0.9325095675790249,0.8242342458752189,0.6250648078485003,0.23727819349753604,no_recuperado
69.41633325358555,849.1644725058367,32.48528742046833,36.835332392491146,24.886705496457765,3.9954368437570538,-58.727341096418016,-14.235609912229272,-14.38932188385823,-20.497480882296173,1.0563248886330296,0.9418120340541911,0.7717317573222305,0.8012733850308846,-0.15159895967106451,no_recuperado
67.22022603351621,871.815053615959,32.04589119861526,38.1919080138968,22.01705234968274,2.2665646465300933,-40.8680354192947,-13.437344709226561,-14.609014889259957,-20.081338498436764,1.0325242410923214,0.9882503478896247,0.6629761729693905,0.6697582937453218,0.8469123437469652,no_recuperado
64.18038143942876,903.060456753838,27.61534335606003,35.10901644759331,17.541873616716853,0.3972329116892312,-1.941141657067269,-15.354519577880472,-19.76872863806028,-28.14448452259795,0.9764036041830974,0.9671462615031119,0.67517481020288,0.7147178888163506,-0.027338545606496456,no_recuperado
73.10962952146693,886.9938438697857,32.890786886473244,40.17295469458983,22.569371431033986,3.872004079905845,-54.96336899401152,-10.080736640192036,-15.468949285066392,-20.409603082432263,1.1194437236658705,0.9378039714195363,0.7845642876103927,0.7087856470315707,0.5937255407435771,no_recuperado
78.46057239515659,776.562345939135,35.65588470448444,25.903371945942283,5.5385785569387975,6.3686797692416794,-74.54258241489302,-18.080836098799313,-6.58451401865335,-3.002604859747175,1.0923723845333961,0.9403040203551037,0.6869628321462099,0.8314571370311671,0.7268859935361786,no_recuperado
70.48914018589552,785.2490953794451,32.79904457764361,31.16914857378835,19.679024812102508,3.251364430857076,-39.4374926884945,-12.498171943055487,-17.69020318153925,-20.976067328983106,1.031367430460481,1.0185554949389433,0.7596567391469524,0.7219236936718995,1.4933060173299055,no_recuperado
80.1750492174578,739.9817363065583,87.67823796243951,81.53146255324182,27.73337077830859,1.2682901992789644,-5.303167547438328,63.596202920489766,59.99935592528039,27.33600822984072,1.013970177840894,1.0033039704077784,3.4170729555657777,3.650756872994861,24.21776536134114,no_recuperado
69.53643719156688,816.9964653397104,31.476688031796275,37.27806309786948,13.78987669706903,3.8006874704962645,-46.16629200764902,-10.846067959335118,-14.773301162332281,-31.485615871481766,1.0663689891769776,0.9372441574845504,0.6933235717361884,0.7642900590403059,1.2703486210425066,no_recuperado
77.01480240214435,855.5781001514971,41.61972045436852,38.22518270502355,23.53926548251049,6.43899117467111,-78.54101120488015,1.0914172460943259,-15.005208930853994,-22.697767502115266,1.0823475698639693,0.9297576819154381,0.9870813622363699,0.7436781410971547,0.93577856249361,no_recuperado
81.67297499809861,771.5939098640778,84.7090982969822,85.15022699353048,28.501933977429758,0.8148617671586996,-6.4153535518957465,59.70610989794465,60.033265426035676,27.350350427333634,1.0069315889405202,1.0151613084762685,3.3891991380969824,3.799318031988862,25.30628050802484,no_recuperado
80.14624138433618,714.9708125487597,23.695462503849836,16.354781321134467,0.029333694327059786,0.18040921949919533,1.3007554946894495,-0.4571214976810012,-3.1095909972740143,-1.4215469361301913,1.0169036878324653,0.9812520374718654,0.9290808008649658,0.8755645712485448,-0.19784012236755164,recuperado
70.04624910069309,851.2318564609644,47.753827139078076,31.75384195791725,9.457913724172803,-3.840393170770555,36.83144925102225,-6.335484522096433,-0.539771908477954,-0.7826445891480656,0.9624099744249099,1.0085049390403984,0.8839790612350207,0.9750668549610247,1.8383617650371002,recuperado
65.17689779531598,923.6390095852245,44.60148694661211,34.64198484161005,15.721272561368238,-4.152788345704867,47.47921525299732,-5.631659342114524,1.9322517011837825,6.567290295857341,0.9225534323808176,1.0554694921195502,0.8278970461505043,1.0844840195634775,2.1310494937222186,recuperado
77.76883511845514,742.2683535134883,27.436703000934692,18.346334571346596,1.9601031968726201,-0.21276367325481602,6.943663928661132,4.950522282464039,-2.204072697979292,2.300908806737663,1.0037325588621473,0.9986443223045172,1.0761738089465545,0.9180113735002254,2.373208816055647,recuperado
74.9790321631966,732.1588068159134,29.966885865996947,22.116921071545253,2.2178018410809752,-0.24587245239347438,4.9200657449060206,2.765859716983104,0.26045523560260414,2.190798770495692,1.044062306527216,1.0177663905641303,1.1294239796292282,1.07053390320963,2.7348951676969606,recuperado
69.04433824364698,902.922014922663,44.53799737796601,32.17993687287704,16.195017765329133,-4.869572219277306,47.71837992670401,-6.548589997486871,1.847977120991611,6.754399111343288,0.9304543900045587,1.0236274497844908,0.8367970477523111,1.043533853528275,1.6464839799289872,recuperado
65.03618077056922,923.3267977864643,30.218591092262223,28.315996695950787,6.669195381199481,-6.739082810044525,76.30082153032973,-19.866942391792506,-4.279139476325578,-2.0543462238236017,0.9070942842744055,1.0841762785113689,0.5612060738878067,0.8484291786676529,0.5972343718671032,recuperado
64.82747260113939,945.9631683522992,40.51003836240289,25.03035612633238,6.501807815820782,-6.068540169678054,71.43718343031935,-10.859059821905962,-7.047679556133371,-4.424612187730212,0.8608825414803726,1.0680620593047985,0.7901773967448275,0.760521032746002,0.8360730580065113,recuperado
79.94018340616098,798.4637192938874,28.652871813604165,24.2413582557795,0.22178893656899243,-1.105189581842819,11.404758356850607,2.227022686701625,1.6345064606193487,-0.3819571681851762,0.915367770492954,0.9687585775032082,1.0414986373523982,1.0636112991976583,-0.09030889059554685,recuperado
64.9117318393181,858.4323501928619,42.7543739073442,36.74265978906869,17.090664305083596,-4.403034996713018,46.76360659883034,-8.703392322609144,0.9692081714456666,5.909226503400785,0.9125773238811542,1.054689186819329,0.8131537149893475,1.0454227809689114,1.6711845413948028,recuperado
68.50183153849072,853.0922818362527,38.20786280585462,30.16046382703637,13.418037184845375,-4.61736727423647,47.016132273926814,-15.402265694040896,-0.8158611620995333,3.571952563611079,0.9321918363791387,1.110603890670467,0.7372796675844838,0.9594691995722838,1.6026067474676395,recuperado
70.99627674664028,953.6068752907931,76.37440477738465,45.9498187617029,16.832937942714356,-5.474629029635612,59.55482503546809,27.04695165071619,15.557539761746574,5.916856750003778,0.9104029531420849,1.0548035821116153,1.5017140939483684,1.4386988725824688,2.4277564376576146,recuperado
79.63234857184169,763.1622147039395,27.976638133510868,22.636625786065512,0.0,-1.3437635795546057,2.852716052519086,-0.5581486829984197,0.8406059350136421,-0.4599260288900837,0.9866954378604236,1.0509639683815915,1.0932735522202717,1.1005753226088575,-0.3195459448987119,recuperado
69.054685720967,903.9138459456342,43.27376385371079,34.7942993487473,16.085577159096527,-4.4432985658767175,44.17530667970913,-8.744601602759529,2.2924672115023617,6.1430784942999175,0.9183720726589344,1.0582240912829524,0.8737393985534718,1.0897210897642187,2.168914932421778,recuperado
65.75885927173657,931.8002290358072,42.617866784725585,34.31842202996054,15.680305129100613,-4.593850729179063,44.26441358098112,-8.289182296344896,0.2560591167258013,6.480398381248639,0.9807872245441072,1.0349301633187113,0.8519357157239859,1.0177095883345848,1.3955448913057118,recuperado
68.66249158930752,899.5950948361382,83.43405248434269,46.57979559980527,16.437930837910738,-5.136956299164168,66.77683843315829,27.093013085544058,15.245879897004675,5.90995420931318,0.9052358933546091,1.0979623584791511,1.5644410164695186,1.5040007612239747,2.163624808000311,recuperado
77.38126738704733,776.3024120676425,27.63333958418112,22.404181144377212,2.2148240913032238,0.2249971967130575,3.44985363047587,2.295772260356147,1.487544913273859,0.40122548571679517,0.9366046728616518,1.026830943324585,1.0993605961405244,1.0398342640909868,1.8635822938324145,recuperado
67.9386580810951,937.7434332112355,45.83393336305745,34.394097378909414,15.267842503138247,-4.398016319146707,40.74407345610972,-7.0433737070701685,2.79597960611243,5.140727528766929,0.9220722508817181,1.0206643412271044,0.8308725813982781,1.0715959710881178,0.8791345673247275,recuperado
77.00532821594764,792.154015196123,28.86474973340445,22.106861120123757,1.0029296141671689,-4.019299727480919,31.481216926275764,5.786121366533304,1.908414325630692,-1.5136109668429687,0.9707672610082495,1.0603604762549195,1.3439470617607936,1.0569144907176597,0.1333820115298231,recuperado
63.41499526605125,942.5953883160656,74.66330012539008,49.03788420581595,12.885127876935078,-6.353443315256393,74.30111700824041,25.873090241931717,18.086481634696224,2.411958039596085,0.9149934222423861,1.1121010255336836,1.3952935676653515,1.509115770762416,1.6474482456336537,recuperado
67.9326960488187,950.8782228885206,80.41028248354145,48.19638006612534,17.830112094091334,-5.227888483532801,61.34354973610957,28.125422925113305,15.569988176653093,5.693315428950543,0.899766698710556,1.1511807596433201,1.5495529779113904,1.4452254181283097,1.943345098678391,recuperado
70.24039315227583,849.564381726594,64.1987407754036,27.963664389080794,9.377760993552014,-1.2387035223393243,21.075587513464544,11.014857727345357,-3.120760077323853,-0.7794661018091531,0.9676963523446958,1.0116947454363043,1.2553318802810443,0.8654780683466406,1.2474027499770137,recuperado
69.42745486698472,846.704821174153,48.40213973221427,32.277581796908,10.155598788215404,-4.060239804566675,42.58748506893035,-5.223352399689359,-1.9646849161941795,-0.29199864240654755,0.9603302360432667,1.065003290574606,0.8946220240317694,0.9803611261272165,1.4937664567275204,recuperado
76.73646716447404,744.6720092921659,58.479327102054604,39.827997816965386,18.574719126540412,1.7728954532324277,-17.56517532296453,6.102352493824805,8.264078777311948,9.863323901502275,1.0035070048626078,1.0170799432674889,1.1242991890629535,1.2687501328802697,1.4079211462714305,recuperado
78.13204491873478,778.7399577503273,32.215841990107855,22.338670163012907,0.961954124461629,-1.8600639168229762,16.83065655051328,4.36386090305536,1.61702715877894,-0.7919754095917835,0.9850182287800076,1.0428954389916565,1.1882446440783878,1.10914543050107,-0.1485646176474547,recuperado
80.33943644010671,760.6225728452387,35.702932760801694,24.37036468301156,0.0,-2.5562678673998134,36.05997123318035,8.324377937225668,1.3932454749049787,-1.2723846294563408,0.9531181665363089,1.054888639362367,1.32732273781502,1.0691729002395753,-0.3232868078096385,recuperado
76.75724830772248,820.5834409929365,36.5940335962798,27.992552995451998,10.672865949340553,-4.070469063497038,33.70133776403839,9.291172784182063,6.510433294191936,10.038830641907676,0.8670266137785351,1.0119696083131986,1.3888732919183504,1.2767890762862661,9.997605413254398,recuperado
64.30376600387801,939.5088778556353,78.95303344289343,47.67480647425482,17.516953743269415,-4.722342721583474,63.01860375056142,26.92066530377897,15.062788241260966,6.23942850530233,0.9255937917099637,1.0638135239569513,1.6020486559235732,1.4726251020048564,2.434125463153472,recuperado
73.96530017050523,866.9298585216263,53.45205335798336,32.67594553613176,14.457007028835923,-1.9293127253859579,24.533000058309284,0.06464448925770644,0.5638471357848376,4.7807000305297525,0.929853523666721,0.9709267978985056,1.003617405956212,1.0795570119504367,1.5646638794439718,recuperado
68.38637291443546,814.75491646122,36.37043602627241,36.00010678070184,15.95751812734463,-5.262913502881525,59.759596903681086,10.97893492102011,12.557913934204642,16.04527834063276,0.943668108349132,1.095440868286676,1.3645124882071724,1.6029849044165383,14.194755621913073,recuperado
78.65040360354183,753.7489487634562,27.81429594531689,19.275213903960193,1.8309050612835096,-0.38234614067833567,-1.3171081834633123,2.016656623944177,-2.5779038266464975,1.9198447281718818,0.96112757173156,0.986153106338631,1.042479232123861,0.9527366634379455,2.451204754187627,recuperado
67.36470925955068,900.2709243268658,39.737195309373156,33.23230768414317,17.24991928045942,-4.434759015987671,50.65895559435515,-7.439974253680384,1.8847200707142275,4.918488158513337,0.8907544027943338,1.0669676138260085,0.8235553905187446,1.0812983486660441,1.5066752971612403,recuperado
71.87977198464665,737.8052463119845,30.68862694721145,25.620535102013957,2.5118548743968994,-3.472472194230382,42.7243847906128,4.6954739998882165,2.698577439590348,2.0243970387684804,0.9676121498389371,1.0602247301738654,1.221690890250969,1.1481658328134767,3.17992669533871,recuperado
74.53561129507413,800.6268810650246,28.08020611493392,22.797775138876332,1.2335214827140948,-1.8416316504860017,20.38995265743801,5.223591953649106,1.9326062434863958,-0.4394353911951767,0.9705735385799195,0.9682500738968894,1.1599173053391505,1.110390419512187,0.14028610570060251,recuperado
76.98170849008974,749.9171071387532,23.69357763696338,17.124779992939256,0.0,-0.031123734309080275,0.3666070383579756,-0.9037513835518608,-3.3408456887922866,-1.3644806715337703,1.0065226054879364,0.9726179225037008,0.8971114546261996,0.8264189865873974,-0.22516666541530636,recuperado
63.45386413352477,918.1195241460297,33.35901197967706,26.365463109575384,6.6871081372713475,-6.584262308284187,78.26914775222008,-19.664889792249234,-5.064246736944089,-3.652588668289618,0.9105842844685964,1.125875574777522,0.5579479471640325,0.880859032910577,1.1125018621206897,recuperado
71.36395548152585,839.64387917098,51.47400709298719,31.77779533154442,13.24446053123091,-1.7881714961416348,17.804556248057708,-0.5203606717431645,0.49747380329949453,4.754510898911381,0.9663788487269813,1.0028559257439686,1.0116746472602718,1.0584878819193781,1.6832270051635225,recuperado
78.31631303599076,809.395514900712,29.175348079148954,21.881584447941126,0.9214099947791673,-0.3807553949599195,2.4679183221721326,4.537915530830257,1.149032274075473,-0.8902763171079984,0.9962460439717848,1.0029630946609975,1.1734589419966173,1.0201833221497916,-0.08951648041504219,recuperado
78.41537700164969,752.3256710438179,28.828267947568676,22.661178757635874,1.257176115986306,-0.18435587919144275,-0.14499126287674802,2.3170801977651827,-1.784040354792059,1.946121530835878,1.031585837383815,1.008987338824862,1.0984666423938596,0.8518662726939836,2.89818123617175,recuperado
69.4235713409087,904.6698351558746,43.744521988530515,30.289721575921185,9.49371652804678,-3.622634393823494,40.72582113531691,-4.421381435889955,-2.0707965351383995,0.2338331880926815,0.9501776612525448,1.0411241382864485,0.8486156435227569,0.9865368908035905,0.11480201842773974,recuperado
73.22177264082949,784.8356022153408,25.484907553550794,24.5105851858032,0.0,-2.0597480049864414,16.351146527387776,0.9846619560384953,2.0605701341171136,-1.361103826684644,0.9694221729964934,0.9754906859057545,0.9916955580941664,1.021667059661752,0.2666603544012098,recuperado
76.60914672916407,844.8330140488417,39.74487956816299,23.234453840336922,4.240632154237943,-1.847160462516565,20.504139860078283,15.799758912963542,1.647930555854152,1.7683742832752154,0.951664083730883,1.0271262957249787,1.5161582989308464,1.0802903908463326,2.5585077185016205,recuperado
74.44050444782351,790.7215817013669,28.52195645364911,19.176151465380702,2.474442457424352,-0.717494479249271,-1.049209440972935,1.0011735842742229,-0.9999818185238886,1.2078522387122619,1.0155841232242704,0.986995150532795,1.0702888189315536,0.9124224733908439,2.6437227494390805,recuperado
66.70761465762027,845.1550232674355,41.06264051573314,32.74441371139566,14.60892629631527,-4.353571809368005,48.83946878231636,-5.284805050402139,0.13775252377896607,6.07808067723285,0.9063561370796348,1.0445843068258864,0.8474547113375702,0.9677734455744595,1.702468517039655,recuperado
67.06122082610136,891.4703495284937,46.200770401122234,34.051563205095704,15.15240590178859,-4.947657814296929,50.18851402172218,-7.480912893181824,1.5632552980810992,6.0374960069890955,0.9242661442945578,1.0406183375997968,0.8747373001536183,1.0269221710458127,1.9899470287667613,recuperado
64.8734436270857,960.711581946943,42.87181531466758,23.89029715109821,5.686519119159581,-6.23406112364375,71.98973682745635,-10.819263370274678,-8.248227856045952,-3.2188286035041727,0.9099874319601564,1.0387855157249173,0.7753560476760009,0.7658943308729652,0.18292538981773226,recuperado
73.90227538984507,795.9744344492889,32.9787201755525,25.015828745088754,0.4120905591290105,-3.1276742037953618,30.112117251753038,6.55493735312837,1.5325175349786797,-0.9926172168849463,0.9508073135116236,1.0641063059916254,1.25500475006476,1.0681108577011993,-0.23281313898925063,recuperado
76.45482328794925,830.1193534065704,62.1845448802199,42.74862783401091,19.161541882158062,1.7659520683787175,-25.832616924273744,6.466914880218861,7.6229051548359195,9.788867111716145,0.9918324417549479,0.9696986810868712,1.1011842062034387,1.2830128566424672,1.746112683481604,recuperado
71.2905447958804,901.3048259460177,32.157011651816255,26.644778758468888,8.054522343897045,-6.19290353108456,78.11711688048385,-21.23879425390311,-3.9601579269050387,-3.5783284597666207,0.9496939143852845,1.118680827571758,0.6224098858645453,0.8080945348043027,0.3417306424361639,recuperado
70.26218234862034,916.5150086838061,40.678730347794435,33.57639416765874,16.451091886204534,-4.957963481870143,50.400469362311966,-7.763620443077255,1.0910378018869977,4.99503825270018,0.9289340000732118,1.049867544963668,0.8393749597337066,1.0227631926310465,1.4613315574237156,recuperado
71.91389301703725,846.8072547388834,44.143002900091716,29.637706900882392,11.839833187608354,-0.8303727217715554,0.7680661970862162,-6.9763108860792,-1.9285784823188474,2.616645701007081,0.9379098668411827,0.9398197694520952,0.8726511985725234,0.9386795242064374,1.2789716968426996,recuperado
80.34328595321293,783.8472927534896,26.425891515239204,21.3836017637739,0.0,0.48810505623015227,1.1774425837975135,0.08193786518588264,-0.6363887944357252,-0.8029735048979885,1.0292568175834436,1.0426788779859368,0.9485153790641142,0.9907869645525271,0.26505555565573247,recuperado
78.90895768768964,736.9535218745121,26.299119103843363,22.187293282238993,0.07155523990842408,0.32750703086224,-3.8698225173800385,1.0656938311881439,-0.650353387976148,-1.4673593964745515,1.0036850021701467,1.022362618158244,0.9303598598527442,0.9583509050531723,-0.722777281803446,recuperado
72.2153677080643,794.8619379431319,32.32523785603457,25.186700657145934,3.0452840088579163,-3.875161913858646,40.92970350247286,5.457156938962764,3.6557170969456143,1.6103483961087834,0.9815567856049614,1.0628714626365154,1.1370125712498311,1.2131416239880795,2.0827173925057125,recuperado
79.54853956499309,812.5996998579698,42.285263836338345,23.48326601390143,2.6077361596350888,-1.9970104124456576,21.613645887271616,15.813449318171177,2.225053094637291,1.323859887584389,0.9540695199974875,0.9929841823775927,1.541650154003636,1.0169121937019778,2.657754967802844,recuperado
80.0261227111811,744.8289839423079,32.488715634922656,25.049833463801203,0.0,-1.735760427293236,10.680857175320835,5.258732049679745,1.296661526563592,-1.0527721041810194,0.9317307402977416,1.0395539493501458,1.225089023385959,1.0666632777754943,-0.4032636388476975,recuperado
63.58866072871413,877.5058689637681,43.26472343534961,32.62760644677225,15.993517490248994,-4.414202461592557,44.335655112459904,-8.001751474018738,2.9457915296905113,6.288443534737674,0.9370692511447961,1.0770196585930045,0.8254144580528553,1.0709183674792147,1.6707217445286933,recuperado
76.75533076422941,774.7502190317473,34.62072276128622,24.129761654127517,0.0,-2.3966038731005566,17.43335683017557,6.742082177431572,2.5955269099827483,-1.3250989503503128,0.9225960293654271,1.0023423158577356,1.3244417004360647,1.0255828919971166,0.4004503622716354,recuperado
65.23438778748388,872.7421444404338,34.78678442286618,31.75583846332881,13.499034378351833,-5.116566207248032,50.33269639728013,-16.047689012123627,-0.20012079032721042,2.5377628225125695,0.9812054574634772,1.060749559164786,0.6767302031947233,0.947268095678313,1.0522081605539815,recuperado
72.86838369959129,795.5811779570264,31.444858685053767,21.514047587300585,0.0,-3.2711508949600487,25.259338767936665,6.396290658659548,1.3373295972294215,-0.10378900870927366,0.9666772405937831,1.0439757368681266,1.216386201622546,1.0669675811768673,0.07636731244794369,recuperado
67.53989393341175,880.7111179686513,31.502034143108173,27.323821901831856,6.800336710451246,-6.707140556243347,76.18127646947703,-19.92824638474592,-4.587115485770777,-2.7319723738642194,0.9162876519308805,1.0892641027179668,0.6077320297344408,0.8926499387340546,0.6068960421378833,recuperado
77.54150187307013,770.1216754541525,31.873683704114953,21.098622692004056,3.3289587376385907,-0.8015075389856328,2.9506449733275972,4.41157070111717,1.0198748501783796,1.634647462532262,0.9800763124417884,1.0038209643197726,1.0890717240191252,1.0077441282044068,2.2312335574298747,recuperado
73.56912051594993,778.8602484703722,30.912497056822414,23.434852478700307,0.4436045021853694,-3.1399338045728125,35.95660157243792,7.28215400864442,1.6347188139989561,-0.9978757616793634,0.9565097604819653,1.0260685668040206,1.358388914095358,1.0489706890413997,-0.23618518376236258,recuperado
74.9778374454639,820.9059515458488,56.49209498262182,41.37378571908387,19.923375471722327,1.4207831956482149,-17.769644306506237,8.122729397991606,7.201999153150419,11.282064604272245,1.0443924330775702,0.9736163953864205,1.1974258227955978,1.2573781291709623,2.0616766047846413,recuperado
80.69426596037052,767.979699247777,21.896705728394622,16.435345457525084,0.10569413097921425,0.7795395824104734,-12.893019018166974,-6.0867879911878315,-4.119561961886133,-2.5286821888794173,1.0164140491775324,0.9749101968448293,0.8706051460782304,0.7809383393348596,0.23391742617330105,recuperado
72.11803246441673,828.7908066754812,59.028759836467,36.295309862769486,12.239239640016654,0.4280056241995898,-9.596000182742813,7.095788261685334,5.259131490464233,2.784002633662113,0.9868090858659956,0.9464786085685799,1.0829501512980797,1.1735357303245741,1.3604049537894998,recuperado
72.7654791701239,816.5293040054313,31.160205740434055,24.170317454269856,2.3244424685827414,-3.1005504329936513,34.65403133858504,6.59691952779844,0.17374386731243074,-1.4754717506199104,0.9276964520601818,0.9974102026627686,1.3395958631022653,1.0720934430096944,0.13467424949350934,recuperado
78.7784196408226,751.645647036133,29.567376588341194,18.62732629952091,0.4317039756218487,0.9483756335365677,-11.103037386625681,-0.07551092806135862,-4.33990559040799,-1.2957417684855348,1.0145257472644165,0.9489364999625716,1.0593376820860703,0.8617659765459542,-0.7647307284808006,recuperado
66.9980530888039,918.8596084643283,38.70303528489427,23.948546621604468,7.283311236799101,-5.852370991326614,71.4150592402363,-11.415732066561795,-8.605455949353397,-2.956126542367744,0.9212384144495879,1.1062559137932393,0.7934525351791197,0.7636001665848846,0.701821932717817,recuperado
78.45746693115417,804.0496990608717,24.232356607904904,21.659880994873696,1.2555862325571736,-1.7819424709769303,12.233094401723736,-1.3595650974981952,2.2168542027652114,-1.3052851507069714,0.9613492901213112,1.0666352940130572,0.949472490748408,1.0527848703884688,0.07497826195465347,recuperado
79.4269180129288,788.6975374796397,29.135943746311693,22.85033679885926,2.4918435619693087,-0.23003834604170326,2.5765104274381767,2.8068446374826874,1.2081975566982193,1.8372221938087419,0.9981589226964661,0.9785430049001873,1.0995977205472398,1.0312123489812641,2.4025727545999813,recuperado
81.36638314638776,775.9904443648261,42.52724282157722,24.35563747526753,2.85749946461808,-1.5121871940228773,21.58889044733501,15.917898516485488,1.116669406723072,1.4346414177499005,0.9792976100170672,1.0560338915961227,1.6077503240808497,1.116570435482692,2.3652025325301733,recuperado
81.46951697849408,806.2856906523969,21.571328804701636,22.24634985028363,0.0,-2.8796680446514675,30.118201212925626,-3.183460015801449,1.182741823622039,-0.7725767988877686,0.9354533987300379,1.0073782116772871,0.8791150745341273,1.0755289777080113,0.11794839227121164,recuperado
72.55300325702986,828.9899117642003,58.92468188595054,29.31519806927771,10.149363299218633,-0.9759301684894962,13.401794933064927,9.67448160669215,0.1000360259283406,-1.4637506538668215,0.9621394756828058,0.9948185248381783,1.1291623439641831,0.9142467137827989,0.8353672519769866,recuperado
76.6134138508515,763.1584821365836,27.89905954340673,19.118800504946172,0.4130222250594918,1.1818320405535057,-11.209599036873785,4.087452058161679,-2.872325798545099,-2.139146552460676,0.98235267689057,0.9354822501467479,1.06098589923241,0.8572345919183209,-0.1661494410906719,recuperado
77.91544010199975,800.647609060863,24.00108122452839,22.43438180885413,0.029940195556108322,-1.8063839319741195,11.749566268613407,-0.7300422962027715,1.7141215503714156,-1.2712904197229755,0.9525232332183697,1.0070480170064382,0.9750701558073948,1.0815499385726346,0.2145180844426856,recuperado
81.24333322905433,756.4971312956889,23.52783998829113,18.861012793821494,0.4969044490775243,0.054897484318904094,0.4309074256628138,-0.7026108311834807,-2.3871975834854577,-0.22108228869810886,0.9762624968610414,0.9974584440113574,0.9294344317364855,0.8479040108375473,-0.23029195814375672,recuperado
73.19005259076776,806.9330092750082,57.83928758356571,35.929287084790865,10.534031571014918,0.7868036071525286,-10.085820694744054,6.690640221228492,6.271378064204585,1.9204560494228424,1.0246370244325198,0.9554116020225447,1.0731526538911762,1.205378440717046,0.8562369126496436,recuperado
76.30623913158298,761.6184176519452,25.37653732377241,20.769286943892798,0.0,0.622549383408577,-5.735697716777716,-2.323090855228532,0.5724986307433284,-0.8985907572979266,0.9846763299224977,0.9488171656890849,0.9523578837083534,0.9959269177564295,0.4134610186795565,recuperado
65.58206103365552,932.1833522711582,27.673420079590457,28.874584584530865,5.704777757782883,-6.422998106426073,77.94585780171731,-18.369855193929794,-3.7344281059551943,-4.239945516130969,0.8883618914936409,1.0966958356466285,0.6143042602801363,0.8843083971471498,0.9705322401598768,recuperado
80.12810389575081,758.3305661903365,20.987163698475594,18.005962119603108,0.33870329392290277,-0.1368458027482043,-0.1115782169341788,-0.7866145181670565,-3.15994907999611,-2.7720178022300335,0.9638837375556267,1.0534610664347417,0.9138657372708167,0.7997862576992055,0.43813920563451964,recuperado
80.33730267380058,779.2369305909218,31.96452518414692,22.281706072556947,0.567386313713715,-0.08480732345105069,10.625620596763616,3.0417466499054666,0.5443619699291182,-0.5565850388860967,1.026180368899295,0.9966355924430055,1.2286156914724617,1.0395884654427106,0.9124655975647812,recuperado
73.60801114832033,786.0169598647587,32.83900101449259,22.5914717405221,0.0,-4.014823862308688,31.18400642973914,7.614301142775788,1.0474475981828804,-0.13833914545140802,0.9595286414586219,1.083056396058371,1.2837684534351401,1.089752440903956,0.09904629127608285,recuperado
65.85911169941106,927.2762480024908,32.694898432704825,27.608890370245085,6.996107921991861,-5.867154412417246,76.18296982411589,-19.1546712368953,-3.265494565820952,-2.386818588229641,0.9101009952812236,1.0140757475927096,0.6341674064147994,0.8137674829806194,1.2119289821109038,recuperado
76.1507569976861,817.1162958151103,32.04029457155778,22.11513239478365,0.21211605452580543,-2.7542076821263115,26.147874114733206,7.568891551351321,3.751243320501147,-0.7182964551366212,0.9954284227634758,1.0625853964886116,1.3418858329783454,1.0821134406829016,-0.7288187739825179,recuperado
68.73746148382754,874.4332385970773,78.87610486381114,46.282691311434604,16.846856804949542,-4.946441114984577,66.28508799982315,28.35410476251637,15.254046183984435,6.0748792217055705,0.8955106871197683,1.0059625518277702,1.5414156881997707,1.4920507963298728,2.0473900402591245,recuperado
70.99122392520484,928.7776596858224,41.7642976289895,32.92371382215247,16.015737881671164,-3.733652118771703,55.47354007046733,-6.765900560114527,1.0333057321921593,5.505510930771343,0.9603023606662767,1.025268365892881,0.8368528915967844,1.0367671324019527,2.1834688707450254,recuperado
67.99278681313896,831.8453753661466,35.39044214145619,33.91365882808273,17.072325408128897,-5.2287359599128935,56.63832942860399,8.639261383544472,11.841215300434985,16.345280171152584,0.9172045701532063,1.0188033538093753,1.4265225666950592,1.6144661412119703,14.78457262723009,recuperado
74.13941873705555,778.6621499953815,22.507782400067555,21.928938729329506,0.0,-0.07553542980205369,-4.4944227246891835,-0.8948981664731526,-0.48019969024123277,-0.8478015575281638,0.9899273620047547,1.0253878694009912,0.9823353024395053,0.9766883133194242,-0.3071467435754066,recuperado
75.11010454755306,800.8063945505355,51.329612132235155,32.79007414062035,16.409892349538158,2.6522686346054836,-32.96122058584405,2.2892552218084723,2.0772308202093956,8.203434514686922,1.0073022812616552,0.9491920486922484,1.0971276405968668,0.9691823193634055,1.1155285585432022,recuperado
78.7906840176608,791.096439265231,24.864601485395465,16.59233220566492,0.9223043668165599,1.5655505569071622,-11.519922274742083,-0.5789169222753241,-3.98166677410336,-1.9598759528154825,1.0433002762769192,0.9573520227929571,0.9816870929264057,0.754850083136277,-0.3398043547325917,recuperado
69.67262025879288,795.2765220561785,37.173136624733814,34.88191870397902,17.037320541276532,-5.1282788918926165,55.89112213624491,9.301508729995716,12.674925602977911,16.41656220658767,1.0074052756297294,1.0583904365480286,1.3792553890685784,1.5978733332917023,15.168350872379685,recuperado
66.5684837779224,877.537594601497,37.63481398310304,30.134258536750952,12.569268430918683,-4.5880814842371755,55.104135226713275,-15.742566921261906,-2.280500742920684,2.2393178240381193,0.9007813771694849,1.0199800959673164,0.7048447220474441,0.9324277253098749,1.0872749355774247,recuperado
77.73227873285404,792.765615751924,26.75113856350308,21.64874925760632,0.0,0.13676570352337267,-1.8704227106991094,0.010680926594615725,-0.6549477077724404,-1.1387257060135587,0.9422013024800513,1.0024235396886436,0.9963911321571793,0.9891824613111532,0.6443176505648859,recuperado
68.60808429477213,861.6430771127795,63.06593572270366,29.104435967045376,8.997911355504286,-1.7663397137096062,22.37719879000663,13.084444710604643,-2.785834805130236,-0.13376092539130657,0.9545963885807034,1.0468068526633167,1.1938180388824498,0.942819432690547,1.7257623289663533,recuperado
71.61105311842982,770.6951950050284,27.95405785985354,23.92041173253549,0.20248392234196502,-1.5622190480035894,19.72996728248958,0.9195782761565339,2.3147397623309844,-0.3562761353874322,0.9868570841128373,1.0514154767770947,0.971239220074059,1.0591495174231123,0.605386277479858,recuperado
79.82428640657116,775.4363986379619,22.096022129812855,16.630139511356923,0.008934261448883169,1.2195046280353574,-6.453800123507972,-6.369577899047124,-4.637284751275607,-0.2189892765066832,1.003709689071453,0.9356708978890464,0.8869270449254966,0.8090795322482076,-0.024833388546082098,recuperado
79.14197032084351,770.8383439012094,27.801237398649544,23.90999425365775,0.19904158014100978,-1.8144166879373544,17.481792945877917,0.7165249666358815,1.1307099592992973,-2.0124139375636347,0.9943450088967093,1.043000703430673,0.9943942532411877,1.0918052181784306,-0.11369488255361947,recuperado
76.48751116011269,803.0398370460415,30.226269341597856,25.502294663006136,4.500874071612104,-4.294629063238894,40.3421894787872,2.915244018151426,4.042949049331978,1.4707527875003679,0.8922220492260176,1.0627347135536198,1.1732175413442314,1.1148157853307998,2.765218841918318,recuperado
